,Unnamed: 0,id,day,activity,screen,valence,arousal,office,game,call,sms,social,entertainment,communication,weather,mood
0,0,01,0,0.13405,0.8140232679922983,0.2,0.2,0.009578,0.0,0.6,0.0,0.250766,0.056035,0.349348,0.0,6.4
1,1,01,1,0.23688,0.2780959915836287,0.5,0.6,0.0,0.0,0.3,0.25,0.071576,0.015194,0.808008,0.0,6.8
2,2,01,2,0.142741,0.3066958888148667,0.8,0.2,0.0,0.0,0.0,0.0,0.132988,0.013928,0.773169,0.004486,6.0
3,3,01,3,0.078961,0.6812924632438002,0.0,0.8,0.0002,0.0,1.0,0.0,0.214232,0.064926,0.616097,0.0,6.75
4,4,01,4,0.098374,0.972330445759618,0.5,0.5,0.0,0.0,0.0,0.25,0.08938,0.003176,0.478537,0.0,6.6
5,5,01,5,0.101308,0.7436134000178752,0.6,-0.2,0.0,0.0,0.0,0.0,0.279598,0.055437,0.5473,0.0,7.0
6,6,01,6,0.159511,0.7897207512669064,0.8,0.2,0.01046,0.0,0.2,0.25,0.053628,0.036655,0.397687,0.0,6.4
7,7,01,7,0.095698,0.2229187016599025,0.6,-0.6,0.0,0.047331,0.5,0.0,0.104142,0.204205,0.176061,0.0,8.0
8,8,01,8,0.068203,0.3768197899185194,1.0,0.2,0.0,0.0,0.4,0.25,0.05682,0.195543,0.326903,0.0,7.5
9,9,01,9,0.049093,0.2047956220543628,0.75,-0.5,0.0,0.0,0.0,0.0,0.037072,0.33951,0.287076,0.0,7.4
10,10,01,10,0.070505,0.5359312607469603,0.6,0.0,0.0,0.004323,0.6,0.0,0.114106,0.148597,0.450512,0.0,6.0
11,11,01,11,0.118443,0.777575582761543,0.0,0.2,0.00538,0.013668,0.1,0.0,0.293472,0.060012,0.35493,0.0,6.5
12,12,01,12,0.101917,0.9670401500864012,0.666667,0.333333,0.004236,0.0,0.4,0.0,0.160535,0.062897,0.324,0.0,6.4
13,13,01,13,0.049238,0.9690017123146568,0.0,-1.2,0.0,0.0,0.4,0.0,0.147382,0.060445,0.674619,0.0,6.2
14,14,01,14,0.126689,0.5604972870731133,0.4,0.2,0.0,0.0,0.2,0.25,0.168522,0.124822,0.442802,0.0,6.8
15,15,01,15,0.119002,0.1512432629593545,0.6,-0.4,0.0,0.0,0.0,0.0,0.108731,0.022862,0.564421,0.0,6.5
16,16,01,16,0.064408,0.33809473832813,0.5,-0.75,0.0,0.015321,0.4,0.0,0.043049,0.025071,0.44939,0.0,6.5
17,17,01,17,0.050671,0.445810373206629,0.25,-0.666667,0.001737,0.0,0.1,0.0,0.149844,0.04541,0.746976,0.0,6.6
18,18,01,18,0.075327,0.6837274825800655,0.333333,-0.4,0.0,0.0,0.1,0.0,0.175823,0.229551,0.627605,0.0,7.4
19,19,01,19,0.120384,0.6138728411564759,1.0,-0.8,0.0,0.0,0.4,0.0,0.208459,0.069387,0.455594,0.0,7.4
20,20,01,20,0.078963,0.420895490851914,0.8,-0.4,0.002495,0.000114,0.7,0.0,0.126367,0.199965,0.525103,0.0,7.0
21,21,01,21,0.079986,0.4766194954215878,0.8,-1.2,0.0,0.0,0.0,0.0,0.056694,0.187724,0.31696,0.0,7.25
22,22,01,22,0.072249,0.5320363437303132,0.75,-0.75,0.0,0.0,0.0,0.0,0.022503,0.186071,0.561245,0.0,8.0
23,23,01,23,0.014021,0.0908135284856191,1.0,-1.25,0.0,0.0,0.0,0.0,0.017202,0.124338,0.546825,0.0,7.2
24,24,01,24,0.083887,0.8143194220010995,0.6,-1.2,0.0,0.0,0.1,0.25,0.162464,0.348368,0.360641,0.0,6.4
25,25,01,25,0.090112,0.6150923201970002,0.8,0.0,0.0,0.0,0.8,0.25,0.325958,0.069526,0.458162,0.0,7.2
26,26,01,26,0.11611,0.5669747344506444,0.5,0.75,0.0,0.0,0.0,0.25,0.152754,0.034077,0.413258,0.0,6.6
27,27,01,27,0.056918,0.6799852833484814,0.6,-0.4,0.0,0.0,0.2,0.0,0.140304,0.009471,0.78925,0.0,6.8
28,28,01,28,0.094033,0.6108139559417305,0.8,-0.8,0.0,0.0,0.1,0.0,0.147799,0.057399,0.39595,0.0,7.8
44,46,02,0,0.289628,0.853681831171422,0.75,-0.75,0.0,0.0,0.4,0.1428571428571428,0.034782,0.041198,0.256228,0.0,6.5
45,47,02,1,0.446044,0.580777852724177,-0.5,-1.0,0.0,0.0,1.0,0.1428571428571428,0.053846,0.087345,0.244053,0.0,6.25
46,48,02,2,0.269697,0.346537545461072,0.0,-1.0,0.0,0.0,0.32,0.1428571428571428,0.03798,0.085701,0.406291,0.0,6.4
47,49,02,3,0.156125,0.2117129373533776,-0.2,0.2,0.0,0.0,0.2,0.0,0.084145,0.192295,1.088747,0.0,7.75
48,50,02,4,0.230514,0.3548679414996889,0.75,-1.25,0.0,0.0,0.28,0.0,0.032011,0.099105,0.601362,0.0,7.2
49,51,02,5,0.293953,0.4644677357425398,0.4,-1.2,0.0,0.0,0.2,0.0,0.257351,0.126391,0.417464,0.0,7.25
50,52,02,6,0.228849,0.4397775896588674,0.5,0.0,0.0,0.0,0.12,0.0,0.014158,0.085398,0.521499,0.0,6.8
51,53,02,7,0.261598,0.3037651880177826,0.6,-0.6,0.0,0.0,0.32,0.2857142857142857,0.684509,0.178266,0.313667,0.0,7.25
52,54,02,8,0.432469,0.3369504079932882,0.25,-0.75,0.0,0.0,0.16,0.0,0.11897,0.241474,0.486344,0.0,7.0
53,55,02,9,0.241887,0.3012751984054279,0.75,-1.0,0.0,0.0,0.4,0.1428571428571428,0.082016,0.32476,0.282155,0.0,7.2
54,56,02,10,0.156373,0.3653331062839913,0.4,-0.8,0.0,0.0,0.56,0.2857142857142857,0.427015,0.074352,0.519742,0.0,7.4
55,57,02,11,0.261961,0.252353586674373,0.8,-0.2,0.0,0.0,0.08,0.1428571428571428,0.057955,0.023342,0.401066,0.0,6.4
56,58,02,12,0.319121,0.526772802428362,-0.2,-0.6,0.0,0.0,0.08,0.0,0.046181,0.148385,0.42744,0.0,5.75
57,59,02,13,0.322506,0.5214522947219853,0.0,-0.25,0.0,0.0,0.08,0.0,0.017965,0.080535,0.52763,0.0,6.4
58,60,02,14,0.22727,0.2795676988407238,0.2,-1.2,0.0,0.0,0.2,0.0,0.038682,0.221639,0.768998,0.0,7.4
59,61,02,15,0.32192,1.0,0.6,0.0,0.0,0.0,0.36,0.1428571428571428,0.01979,0.060796,0.176743,0.0,4.5
60,62,02,16,0.21521,0.2793073666350257,-1.25,-1.0,0.0,0.0,0.24,0.0,0.107273,0.169585,0.335434,0.0,6.8
61,63,02,17,0.136524,0.4871872550415135,0.6,0.0,0.0,0.0,0.08,0.0,0.315428,0.115906,0.590774,0.0,6.25
62,64,02,18,0.261951,0.3121499156312716,0.5,-0.25,0.0,0.0,0.4,0.1428571428571428,0.155977,0.047431,0.555472,0.0,7.25
63,65,02,19,0.24721,0.4405768750235382,0.25,-0.5,0.0,0.0,0.48,0.1428571428571428,0.05112,0.108944,0.391763,0.0,7.25
64,66,02,20,0.260751,0.6002665608758013,0.75,0.25,0.0,0.0,0.04,0.1428571428571428,0.072258,0.088641,0.347546,0.0,6.5
65,67,02,21,0.424481,0.4446023033885251,0.5,-0.5,0.0,0.0,0.28,0.1428571428571428,0.055016,0.120606,0.403405,0.0,6.0
66,68,02,22,0.378302,0.2799846739597416,-1.0,-2.0,0.0,0.0,0.24,0.1428571428571428,0.042962,0.0,0.414551,0.0,7.2
79,82,03,0,0.0,0.1532581842131424,2.0,1.0,0.006034,0.0,0.5,0.4,0.0,0.568194,1.035908,0.0,7.8
80,83,03,1,0.191388,0.2433362605074505,1.0,0.8,0.0,0.0,0.8,0.2,0.0,1.481169,0.17344,0.0,8.2
81,84,03,2,0.100247,0.4646968994966733,1.2,-0.2,0.032089,0.0,0.1,0.2,0.0,0.344943,0.297746,0.008885,7.8
82,85,03,3,0.09074,0.5751295136472591,1.4,-0.6,0.020058,0.0,0.3,0.0,0.0,0.625482,0.365288,0.0,7.8
83,86,03,4,0.132768,0.348969966088964,1.2,-0.4,0.037212,0.0,0.6,0.2,0.0,0.35647,0.344252,0.0,8.25
84,87,03,5,0.091153,0.3669071919195266,1.0,0.5,0.005189,0.0,0.1,0.0,0.0,0.59104,0.324836,0.0,7.75
85,88,03,6,0.103196,0.3015202897350079,0.5,0.25,0.004102,0.0,0.3,0.2,0.0,0.504867,0.284422,0.0,8.0
86,89,03,7,0.104679,0.2992015624482221,1.5,-0.5,0.014215,0.0,0.3,0.0,0.0,1.03118,0.289462,0.0,8.6
87,90,03,8,0.163377,0.2081599121663666,1.6,-0.2,0.0,0.0,0.0,0.2,0.0,1.118439,0.067626,0.0,8.4
88,91,03,9,0.164651,0.3284988014234535,1.0,-0.2,0.007365,0.0,0.1,0.0,0.0,0.571582,0.342875,0.008954,7.4
89,92,03,10,0.083634,0.8651036661475076,0.6,0.4,0.0,0.0,0.3,0.2,0.0,0.180828,0.469522,0.0,7.6
90,93,03,11,0.097414,0.2950917364401881,0.4,0.4,0.019493,0.0,0.2,0.0,0.0,0.507379,0.222035,0.0,7.4
91,94,03,12,0.078688,0.3096766117867545,0.6,0.2,0.005558,0.0,0.2,0.0,0.0,0.58899,0.243906,0.0,7.8
92,95,03,13,0.083636,0.2128871141745185,1.0,0.0,0.0,0.0,0.1,0.0,0.0,0.905054,0.296264,0.0,7.8
93,96,03,14,0.087107,0.2974528061290239,1.4,0.2,0.001907,0.0,0.0,0.6,0.0,0.424443,0.248833,0.0,7.6
94,97,03,15,0.114428,0.3546356127551152,1.0,1.2,0.02764,0.0,0.6,0.0,0.0,0.595903,0.288217,0.0,6.8
95,98,03,16,0.076772,0.5549249243353106,0.8,0.2,0.0,0.0,0.0,0.0,0.0,0.702358,0.121147,0.0,7.4
96,99,03,17,0.144064,0.4635286071437777,1.0,0.2,0.02476,0.0,0.2,0.0,0.0,0.499204,0.354959,0.0,7.4
97,100,03,18,0.103831,0.4120036230683412,1.2,0.4,0.333981,0.0,0.2,0.2,0.0,0.292151,0.152677,0.0,7.8
98,101,03,19,0.092122,0.1632702241957635,1.0,0.6,0.009173,0.0,0.0,0.0,0.0,0.554969,0.430657,0.0,7.4
99,102,03,20,0.108066,0.6460274197972702,1.0,0.4,0.000743,0.0,0.0,0.4,0.001884,0.395586,0.253479,0.0,7.6
100,103,03,21,0.120188,0.4587674386858277,1.0,0.2,0.001838,0.0,0.0,0.0,0.0,0.627716,0.340876,0.0,7.666667
101,104,03,22,0.127037,0.2294626517436016,1.0,0.333333,0.0,0.0,0.6,0.0,0.0,4.835783,0.092124,0.0,7.4
102,105,03,23,0.078138,0.7136186314632558,1.0,0.2,0.083038,0.0,0.1,0.2,0.0,0.415081,0.308421,0.0,7.0
103,106,03,24,0.092896,0.3894105334084458,0.8,0.0,0.001908,0.0,0.0,0.2,0.009778,0.27247,0.84417,0.0,7.6
104,107,03,25,0.119555,0.364956478812046,0.8,0.2,0.00152,0.0,0.6,0.0,0.0,0.466618,0.566311,0.0,8.0
105,108,03,26,0.114768,0.4910442279440192,1.0,0.8,0.006221,0.0,0.2,0.0,0.0,0.652549,0.272618,0.0,7.25
106,109,03,27,0.140859,0.4608463767475598,0.75,0.25,0.0,0.0,0.4,0.4,0.0,0.231656,0.409125,0.0,7.5
107,110,03,28,0.073876,0.5756533673548287,1.0,0.0,0.029397,0.0,0.6,0.0,0.0,0.688324,0.192863,0.0,7.8
108,111,03,29,0.20823,0.1327278317187851,0.8,0.6,0.0,0.0,0.4,0.2,0.0,0.046261,0.801147,0.0,7.5
125,131,05,0,0.050198,0.2406486640595419,1.0,0.0,0.0,0.0,0.1538461538461538,0.3333333333333333,0.0,0.123929,0.747738,0.0,3.75
126,132,05,1,0.018561,0.1433407250526951,-1.0,-2.0,0.0,0.0,0.0,0.0,0.0,0.355403,0.608228,0.0,4.4
127,133,05,2,0.085243,0.3167955573181794,-1.0,-1.4,0.0,0.0,0.0769230769230769,1.0,0.0,0.187719,0.721588,0.0,3.75
128,134,05,3,0.006536,0.3306940159330983,-1.0,-2.0,0.0,0.0,0.0,0.1111111111111111,0.0,0.133014,0.876582,0.0,5.333333
129,135,05,4,0.040967,0.7557686512661193,0.333333,-1.0,0.0,0.0,0.0,0.1111111111111111,0.0,0.282255,0.622852,0.0,5.5
130,136,05,5,0.039237,0.6763983415302723,0.25,-0.5,0.0,0.0,0.0,0.1111111111111111,0.0,0.083952,0.885941,0.0,5.8
131,137,05,6,0.077176,0.8938876434112684,0.2,-0.6,0.0,0.0,0.0769230769230769,0.1111111111111111,0.0,0.100963,0.776236,0.0,6.2
132,138,05,7,0.045325,0.3814324485966335,0.6,0.0,0.0,0.0,0.0769230769230769,0.0,0.071783,0.85917,0.783907,0.0,6.4
133,139,05,8,0.104423,0.1989363845039624,1.0,-0.4,0.0,0.0,0.2307692307692307,0.1111111111111111,0.0,0.137727,0.632213,0.0,6.2
134,140,05,9,0.07492,0.3279433544170768,0.8,-0.8,0.0,0.0,0.3076923076923077,0.0,0.0,0.087226,0.78301,0.0,6.8
135,141,05,10,0.055341,0.101442819424831,1.0,-0.4,0.0,0.0,0.1538461538461538,0.0,0.0,0.993329,0.455121,0.0,7.0
136,142,05,11,0.078126,0.3684168046654595,1.0,0.0,0.0,0.0,0.0,0.0,0.076796,0.197973,0.602958,0.0,7.0
137,143,05,12,0.073126,0.2668556575189205,1.0,-0.2,0.0,0.0,0.0,0.0,0.091835,0.193754,0.519722,0.0,7.2
138,144,05,13,0.052751,0.3644627091240264,0.8,-1.0,0.0,0.0,0.0,0.0,0.140396,0.054853,0.659098,0.0,7.0
139,145,05,14,0.041457,0.7253774145247759,1.0,-0.8,0.0,0.0,0.2307692307692307,0.0,0.025994,0.029839,0.714155,0.0,7.5
140,146,05,15,0.069288,0.1975343885204834,1.0,0.0,0.0,0.0,0.0769230769230769,0.0,0.0,0.087411,0.531416,0.0,6.8
141,147,05,16,0.077363,0.3386650610564813,1.0,-0.4,0.0,0.0,0.1538461538461538,0.0,0.001414,0.208012,0.844643,0.0,6.75
142,148,05,17,0.066859,0.3969951128062408,0.75,-0.25,0.0,0.0,0.0769230769230769,0.0,0.0,0.069669,0.803624,0.0,6.75
143,149,05,18,0.085125,0.197833263034955,0.0,0.25,0.0,0.0,0.0769230769230769,0.0,0.0,0.802642,0.590764,0.0,7.0
144,150,05,19,0.153619,0.6275544207657596,0.75,0.25,0.0,0.0,0.0769230769230769,0.0,0.000906,0.117793,0.787675,0.0,7.2
145,151,05,20,0.013347,0.2673901557010345,1.0,0.8,0.0,0.0,0.0769230769230769,0.0,0.076475,0.261149,0.624688,0.0,7.0
146,152,05,21,0.094615,0.4662551945093954,0.6,0.2,0.003596,0.0,0.0,0.0,0.012348,0.093903,0.813842,0.0,7.0
147,153,05,22,0.049299,0.7368522593069613,1.0,-1.4,0.0,0.0,0.0,0.3333333333333333,0.082605,0.057261,0.760202,0.0,7.5
148,154,05,23,0.114127,0.1865472185374693,1.0,0.333333,0.0,0.0,1.0,0.0,0.084504,0.085919,0.709876,0.0,6.4
149,155,05,24,0.101723,0.3212125671036149,0.4,-1.2,0.0,0.0,0.0,0.0,0.281912,0.096252,0.37027,0.0,7.0
150,156,05,25,0.057297,0.5984066958048213,0.8,0.2,0.0,0.0,0.0,0.0,0.207139,0.079877,0.569831,0.0,7.2
151,157,05,26,0.105649,0.1411865429441398,0.8,-0.6,0.0,0.0,0.0,0.0,0.259975,0.132145,0.59864,0.0,6.6
152,158,05,27,0.115038,0.4335903368801144,0.6,0.4,0.0,0.0,0.0,0.0,0.152596,0.080055,0.747097,0.0,7.5
153,159,05,28,0.115167,0.4725929055691919,1.0,0.25,0.0,0.0,0.0769230769230769,0.1111111111111111,0.148037,0.138787,0.700247,0.0,7.2
154,160,05,29,0.060887,0.1937582210088752,0.8,-0.8,0.0,0.0,0.1538461538461538,0.0,0.37043,0.017936,0.467157,0.0,7.2
170,179,06,2,0.0,0.0,0.0,0.0,0.0,0.0,0.1,0.25,0.0,0.0,0.0,0.0,7.0
171,180,06,3,0.043432,0.1574593095795748,0.0,-1.0,0.0,0.0,0.3,0.0,0.116534,0.427938,0.438757,0.0,7.0
172,181,06,4,0.137709,0.4852474120718865,0.6,-0.2,0.035827,0.0,0.0,0.0,0.113164,0.388106,0.50854,0.0,8.0
173,182,06,5,0.135563,0.4954649675781972,1.5,0.5,0.004522,0.0,0.2,0.0,0.398307,0.24719,0.409818,0.0,7.0
174,183,06,6,0.132329,0.5127050091021252,0.25,0.25,0.0,0.0,0.1,0.0,0.132425,0.300381,0.495379,0.0,7.6
175,184,06,7,0.171471,0.434955200377045,0.8,-0.2,0.0061,0.0,0.0,0.25,0.493185,0.288079,0.517878,0.0,7.8
176,185,06,8,0.111581,0.2452757593215019,1.0,0.0,0.0,0.0,0.0,0.0,0.321853,0.201313,0.481551,0.0,7.8
177,186,06,9,0.211298,0.5608271648931586,0.8,0.0,0.0,0.267115,0.1,1.0,0.231941,0.230351,0.061547,0.000544,7.0
178,187,06,10,0.160605,0.4710945901195347,0.4,-0.2,0.003667,0.0,0.1,0.0,0.359779,0.321992,0.274654,0.0,7.75
179,188,06,11,0.225854,0.5254933851543707,0.75,0.0,0.0,0.103563,0.3,0.0,0.265697,0.09265,0.481995,0.0,6.8
180,189,06,12,0.162553,0.5765076515420974,0.4,-0.6,0.018185,0.0,0.4,0.0,0.309872,0.154461,0.483008,0.0,7.2
181,190,06,13,0.209574,0.4476566937790345,0.4,0.0,0.0,0.001266,0.2,0.0,0.263027,0.184638,0.546332,0.0,7.0
182,191,06,14,0.149524,0.5866874155711355,0.2,-0.4,0.0,0.175133,0.0,0.0,0.317048,0.146234,0.383074,0.0,7.0
183,192,06,15,0.292274,0.2572319710003771,0.8,-0.4,0.0,0.0,0.2,0.0,0.643635,0.136535,0.340521,0.0,7.0
184,193,06,16,0.020426,0.332749324107002,0.4,-1.0,0.0,0.0,0.1,0.0,0.574006,0.100586,0.1673,0.0,6.2
185,194,06,17,0.194947,0.3897343200401552,0.0,-0.6,0.0,0.0,0.3,0.0,0.366424,0.093653,0.553675,0.0,6.6
186,195,06,18,0.174949,0.5072042237685651,0.0,-0.2,0.021389,0.078836,0.4,0.25,0.187259,0.196596,0.489033,0.0,7.4
187,196,06,19,0.103096,0.6082890383182525,0.8,0.4,0.048899,0.0,0.1,0.0,0.375894,0.274341,0.43292,0.000104,7.6
188,197,06,20,0.224284,0.474110056161941,0.8,-0.2,0.0,0.001208,0.1,1.0,0.414748,0.122725,0.462574,0.003461,7.8
189,198,06,21,0.205917,0.4279194684058702,1.0,-0.2,0.013223,0.0,0.0,0.0,0.473269,0.932729,0.431056,0.0,8.2
190,199,06,22,0.233912,0.2640428377148801,1.0,0.4,0.0,0.088365,0.0,0.0,0.272337,0.372197,0.162229,0.003823,6.5
191,200,06,23,0.344742,0.4808634195982549,0.25,-1.5,0.0,0.0,0.2,0.0,0.280728,0.092719,0.528906,0.0,7.25
192,201,06,24,0.178743,0.280201617778902,0.75,-0.25,0.006594,0.0,0.2,0.0,0.157158,0.127959,0.448734,0.0,7.0
193,202,06,25,0.200564,0.423124478668261,0.6,-0.4,0.01063,0.0,0.5,0.25,0.415605,0.15876,0.574206,0.001789,7.6
194,203,06,26,0.145065,1.0,0.4,0.0,0.001161,0.0,0.1,0.0,0.226727,0.152826,0.41252,0.0,6.8
195,204,06,27,0.151671,0.7742033922486548,0.6,0.2,0.024163,0.0,0.1,0.0,0.22393,0.261874,0.36347,0.0,6.25
196,205,06,28,0.146215,0.4427153094553563,0.5,-1.0,0.001428,0.010911,0.3,0.0,0.129528,0.280897,0.492716,0.0,6.8
197,206,06,29,0.098264,0.3286333244271545,0.6,0.2,0.0,0.0,0.4,0.0,0.036088,0.227022,0.588464,0.0,8.2
198,207,06,30,0.029658,0.3451717136626869,0.8,0.6,0.0,0.0,0.0,0.0,0.539461,0.224104,0.244546,0.0,7.0
199,208,06,31,0.078239,0.4484915576019308,0.6,0.2,0.0,0.0,0.1,0.0,0.319452,0.341456,0.4163,0.0,6.6
215,226,07,0,0.0,1.0,1.0,0.333333,0.0,0.0,0.0,0.0,0.103598,0.043628,0.219562,0.0,6.0
216,227,07,1,0.0,0.613913055741704,0.0,-0.4,0.0,0.0,0.0,0.0,0.116661,0.168641,0.582446,0.0,7.75
217,228,07,2,0.0,0.568387877516005,1.5,0.0,0.0,0.0,0.0,0.0,0.075131,0.062023,0.754455,0.0,8.0
218,229,07,3,0.0,0.3073601181116596,1.0,0.5,0.0,0.0,0.3076923076923077,0.9,0.096752,0.093047,0.555034,0.0,7.666667
219,230,07,4,0.134345,0.6972899865421609,1.333333,-0.5,0.0,0.0,0.3076923076923077,0.0,0.119479,0.119245,0.598038,0.0,6.6
220,231,07,5,0.103294,0.5119489643892888,0.6,0.2,0.0,0.0,0.6153846153846154,0.4,0.073006,0.13867,0.490386,0.0,6.8
221,232,07,6,0.0897,0.5408750452712523,0.4,0.2,0.0,0.0,0.1538461538461538,0.8,0.231923,0.026972,0.496694,0.0,8.25
222,233,07,7,0.0981,0.7233395430551962,1.5,0.25,0.0,0.0,0.0769230769230769,0.0,0.147737,0.166559,0.369254,0.0,7.0
223,234,07,8,0.041876,0.5891168605825928,1.0,0.2,0.0,0.0,0.0,0.5,0.139965,0.506879,0.182786,0.0,6.2
224,235,07,9,0.062573,0.486892882632123,0.0,0.2,0.0,0.0,0.1538461538461538,0.1,0.144269,0.069462,0.472975,0.0,4.333333
225,236,07,10,0.051366,0.734671213856744,0.0,-1.0,0.0,0.0,0.3846153846153846,0.1,0.175519,0.287729,0.377854,0.0,6.6
226,237,07,11,0.080762,0.8189187232763122,0.8,-1.0,0.0,0.0,0.2307692307692307,0.8,0.072382,0.323561,0.503789,0.0,5.5
227,238,07,12,0.156187,0.7426109320749879,0.25,-1.25,0.0,0.0,1.0,0.4,0.071021,0.129315,0.316535,0.0,6.2
228,239,07,13,0.090263,0.4497487567362314,0.2,-0.4,0.0,0.0,0.3846153846153846,0.0,0.087651,0.480349,0.525026,0.0,6.5
229,240,07,14,0.04963,0.558412519951802,0.0,-0.75,0.0,0.0,0.5384615384615384,0.2,0.130956,0.167093,0.493994,0.0,6.0
230,241,07,15,0.231307,0.2995681424756016,0.666667,0.0,0.0,0.0,0.6923076923076923,0.5,0.230447,0.068556,0.256217,0.0,6.75
231,242,07,16,0.056316,0.4265487058508145,1.0,-0.75,0.0,0.0,0.1538461538461538,0.3,0.208486,0.314133,0.363352,0.0,5.4
232,243,07,17,0.080524,0.93904674684026,0.2,-0.6,0.0,0.0,0.0,0.1,0.237401,0.337331,0.32924,0.0,6.8
233,244,07,18,0.076801,0.5418687426438566,0.6,-0.4,0.0,0.0,0.0769230769230769,0.0,0.054883,0.082315,0.741251,0.0,6.4
234,245,07,19,0.07079,0.7649743318893514,0.6,-1.0,0.0,0.0,0.1538461538461538,0.2,0.046469,0.086495,0.169025,0.0,6.2
235,246,07,20,0.098958,0.312662363058814,0.0,0.4,0.0,0.0,0.4615384615384615,0.4,0.301135,0.332626,0.215768,0.0,3.5
236,247,07,21,0.068683,0.124523088547589,-1.0,0.5,0.0,0.0,0.0,0.1,0.040482,0.0,0.642845,0.0,6.4
237,248,07,22,0.153134,0.8244744481837543,0.75,0.0,0.0,0.0,0.1538461538461538,1.0,0.106433,0.369157,0.362299,0.0,6.5
238,249,07,23,0.016319,0.4530356962814704,1.0,-0.25,0.0,0.0,0.3846153846153846,0.0,0.171621,0.191138,0.354616,0.0,6.2
239,250,07,24,0.033354,0.2686873685002779,0.4,-0.2,0.0,0.0,0.1538461538461538,0.1,0.065391,0.611437,0.442555,0.0,6.0
240,251,07,25,0.019623,0.4861585705242406,0.5,-0.75,0.0,0.0,0.0,0.0,0.167833,0.141717,0.629175,0.0,4.75
241,252,07,26,0.105956,0.5015761721654095,0.0,-1.25,0.0,0.0,0.1538461538461538,0.8,0.112795,0.0,0.645733,0.0,3.8
242,253,07,27,0.118091,0.4350619017697528,-0.4,-1.2,0.0,0.0,0.0769230769230769,0.0,0.123337,0.210721,0.501388,0.0,5.2
243,254,07,28,0.04727,0.365821300599834,-0.4,-1.0,0.0,0.0,0.0769230769230769,0.2,0.098128,0.153701,0.541536,0.0,7.0
244,255,07,29,0.003125,0.1142607133328761,0.75,0.25,0.0,0.0,0.0,0.0,0.187589,0.067539,0.52868,0.0,3.0
260,272,08,0,0.008942,0.5235449355498905,0.6,-0.4,0.0,0.0,0.0,0.3333333333333333,0.37971,0.0,0.86686,0.0,6.4
261,273,08,1,0.022231,0.1587518566365184,0.8,-0.4,0.0,0.0,0.0,0.0,0.522456,0.0,4.995444,0.0,7.2
262,274,08,2,0.042185,0.25181028930189,0.8,-0.2,0.0,0.0,1.0,0.0,1.173401,0.0,0.270859,0.0,6.8
263,275,08,3,0.046308,0.3605177771801693,1.0,-0.8,0.0,0.0,0.0,0.0,0.863932,0.0,0.098606,0.0,7.2
264,276,08,4,0.016898,0.133048203303439,1.0,-0.6,0.0,0.0,0.0,0.0833333333333333,0.607657,0.122707,2.023944,0.0,6.5
265,277,08,5,0.089501,0.3331230917953336,0.5,-0.25,0.088811,0.0,0.0,0.4166666666666667,0.227487,0.06181,0.492183,0.0,6.333333
266,278,08,6,0.087012,0.4549138674535557,0.5,0.0,0.0,0.0,0.0,0.5,0.863781,0.0,0.796038,0.0,6.25
267,279,08,7,0.01656,0.3547775003865321,0.5,-0.25,0.0,0.0,0.5,1.0,0.364753,0.0,0.495315,0.0,7.166667
268,280,08,8,0.024944,0.2183318447877517,1.0,-0.166667,0.0,0.0,0.0,0.1666666666666666,0.373796,0.054445,0.44987,0.0,6.8
269,281,08,9,0.078447,0.1428690500615886,0.6,0.0,0.0,0.0,0.0,0.0,0.649519,0.0,0.280699,0.0,7.6
270,282,08,10,0.078935,0.3060273730690797,1.2,0.0,0.0,0.0,0.0,0.0,0.273817,0.012082,0.736482,0.0,7.2
271,283,08,11,0.062354,0.3800140179262973,1.0,-1.0,0.0,0.0,0.0,0.0,0.469682,0.0444,0.782672,0.0,6.6
272,284,08,12,0.00829,0.1276490275511303,0.8,-0.4,0.0,0.0,0.0,0.0,0.29877,0.027488,2.597325,0.0,7.0
273,285,08,13,0.078768,0.5198248842785113,1.333333,0.0,0.0,0.0,0.0,0.0,0.267427,0.0,0.833414,0.0,7.5
274,286,08,14,0.031124,0.2318291434594734,1.25,0.25,0.0,0.0,1.0,0.0,1.298652,0.0,0.682313,0.0,7.4
275,287,08,15,0.128414,0.3179177239816252,1.2,0.2,0.0,0.0,0.0,0.0,0.365048,0.044316,0.548453,0.0,7.6
276,288,08,16,0.00728,0.2374164559364372,1.25,0.0,0.0,0.0,0.0,0.0,0.411122,0.008512,0.256142,0.0,7.0
277,289,08,17,0.102473,0.8137424439381871,1.0,0.0,0.0,0.0,0.5,0.5,0.281061,0.082934,0.535623,0.0,6.5
278,290,08,18,0.058148,0.4697898586061834,0.5,-0.25,0.0,0.0,0.0,0.0,0.42072,0.03633,0.613095,0.0,6.25
279,291,08,19,0.040366,0.4404634281991853,0.5,0.25,0.0,0.0,0.0,0.0,0.827966,0.0,0.736209,0.0,7.6
280,292,08,20,0.206573,0.798849233420703,1.4,1.2,0.0,0.0,0.0,0.0,0.201175,0.05291,0.725045,0.0,7.6
281,293,08,21,0.074136,0.2897930241393889,1.0,0.6,0.0,0.0,0.5,0.0,0.626024,0.020321,0.286201,0.0,7.0
282,294,08,22,0.025027,0.1405196310688291,0.8,0.0,0.0,0.0,0.0,0.0,0.677206,0.0,2.493074,0.0,7.6
283,295,08,23,0.004827,0.3808458861624431,1.2,0.0,0.0,0.0,0.0,0.0,1.382528,0.106574,0.316698,0.0,6.6
284,296,08,24,0.064903,0.6276248463946994,0.6,0.2,0.013205,0.0,0.0,0.0,0.327394,0.023722,0.563832,0.0,6.4
285,297,08,25,0.034091,0.5769546982521421,0.6,-0.8,0.0,0.0,0.0,0.0,0.225979,0.01149,0.656439,0.0,6.6
286,298,08,26,0.068597,0.3158687373552702,0.8,-0.6,0.028011,0.0,0.0,0.0,0.345394,0.013025,0.494941,0.0,6.2
287,299,08,27,0.097182,0.5970926554133915,0.8,-1.0,0.0,0.0,0.0,0.0,0.207469,0.0444,0.311984,0.0,6.0
288,300,08,28,0.049042,0.1715777618361265,0.6,-0.4,0.0,0.0,0.0,0.0,0.724866,0.0,0.190083,0.0,7.8
289,301,08,29,0.039003,0.4314740831128328,1.2,1.4,0.0,0.0,0.0,0.0,0.463723,0.037602,0.356726,0.0,6.4
305,318,09,0,0.0,0.2325149970993919,1.0,0.0,0.000702,0.0,0.2,0.5,0.0,0.481229,0.405967,0.0,7.0
306,319,09,1,0.062847,0.3638071825308052,0.666667,0.0,0.002828,0.0,0.0,0.0,0.026044,0.978863,0.570956,0.000642,6.75
307,320,09,2,0.033333,0.5535120900901933,0.25,0.75,0.0,0.0,0.0,0.5,0.00256,5.019028,0.445202,0.0,7.25
308,321,09,3,0.079167,0.4584063526279582,0.5,0.5,0.00069,0.0,0.0,0.0,0.152303,0.180057,0.531502,0.0,6.2
309,322,09,4,0.025694,0.5575251278046911,-0.2,0.4,0.001422,0.0,0.0666666666666666,0.0,0.017054,0.552584,0.335159,0.002417,7.75
310,323,09,5,0.086316,0.6610984960473285,0.75,0.5,0.000117,0.0,0.2,1.0,0.037283,0.32238,0.176003,0.0,7.8
311,324,09,6,0.027083,0.3223093908526652,0.8,-0.4,0.0,0.0,0.0666666666666666,0.0,0.120309,0.585213,0.189631,0.003453,8.25
312,325,09,7,0.079778,0.809169326888429,1.0,-0.25,0.000582,0.0,0.2666666666666666,0.0,0.02806,0.538034,0.252397,0.0,8.0
313,326,09,8,0.082292,0.58108588628886,1.0,-0.4,0.0,0.0,0.3333333333333333,0.0,0.025123,0.421284,0.462716,0.0,7.75
314,327,09,9,0.111957,0.6701633707699406,1.0,-1.0,0.0,0.0,0.1333333333333333,0.5,0.05674,0.36653,0.402977,0.005845,7.0
315,328,09,10,0.083333,0.5263497010203589,0.2,-0.2,0.000602,0.0,0.2,0.0,0.00149,0.305042,0.494001,0.0,7.6
316,329,09,11,0.079861,1.0,0.6,0.0,0.0,0.0,0.3333333333333333,0.0,0.008279,0.325953,0.406578,0.0,6.2
317,330,09,12,0.041387,0.2795424365391864,0.0,0.2,0.0,0.0,0.1333333333333333,0.0,0.009355,0.389629,0.193047,0.009088,7.6
318,331,09,13,0.180903,0.4730852902127363,0.6,0.0,0.00066,0.0,0.2,0.0,0.034253,0.249929,0.327886,0.0,7.25
319,332,09,14,0.076042,0.5343692056055929,0.75,-0.75,0.0,0.025319,0.2,0.5,0.02406,0.405447,0.44882,0.0,7.5
320,333,09,15,0.115625,0.4224688209847655,0.75,0.0,0.000185,0.01482,0.0,0.0,0.019981,0.387427,0.552979,0.0,6.8
321,334,09,16,0.138889,0.5535405377984083,0.8,-0.4,0.000562,0.0,0.0,0.0,0.036369,0.499759,0.403395,0.003383,6.2
322,335,09,17,0.078125,0.4138561696007698,0.0,-0.5,0.000568,0.0,0.0,0.0,0.056253,0.309609,0.492263,0.016877,7.2
323,336,09,18,0.086458,0.3135204110181765,0.6,0.0,0.000254,0.0,0.0,0.5,0.008475,4.269267,0.424826,0.0,6.5
324,337,09,19,0.034127,0.3326431966877274,0.25,0.25,0.0,0.0,0.2,0.0,0.006596,0.474403,0.398581,0.0,6.0
325,338,09,20,0.030357,0.1668655420065338,0.0,0.75,0.0,0.0,0.0666666666666666,0.0,0.090926,0.426925,0.383059,0.0,6.8
326,339,09,21,0.114286,0.4299659880562045,0.6,0.0,0.0,0.0,0.0,0.0,0.0,0.124228,0.137593,0.0,7.0
327,340,09,22,0.069444,0.2196617276493321,0.8,0.0,0.0,0.0,0.1333333333333333,0.0,0.0,0.403422,0.585846,0.0,6.0
328,341,09,23,0.172222,0.0940660103763946,0.0,-0.8,0.0,0.0,0.0,0.5,0.0,0.225075,0.413739,0.0,5.8
329,342,09,24,0.083333,0.0636350902379873,-0.2,-0.2,0.006109,0.0,0.0666666666666666,0.5,0.0,0.586342,0.226784,0.0,6.0
330,343,09,25,0.088542,0.1391376804282889,0.0,0.0,0.0,0.0,0.0666666666666666,0.5,0.0,0.579365,0.330926,0.0,5.5
331,344,09,26,0.015584,0.0455146943174686,-0.25,-0.5,0.0,0.0,0.0,0.0,0.0,0.712474,0.446411,0.0,7.0
332,345,09,27,0.110457,0.1709518628609185,0.75,0.0,0.0,0.0,0.0666666666666666,0.5,0.0,0.294829,0.573397,0.0,6.6
333,346,09,28,0.114738,0.1827571337897137,0.6,-1.2,0.030604,0.0,0.1333333333333333,0.5,0.016123,0.629691,0.218469,0.0,8.0
334,347,09,29,0.113149,0.1466036171105693,1.0,0.25,0.002124,0.0,0.0,0.0,0.019234,0.30807,0.401531,0.0,6.25
350,365,12,4,0.0,0.0,0.0,0.0,0.0,0.0,0.2222222222222222,0.125,0.0,0.0,0.0,0.0,7.0
351,366,12,6,0.148291,0.3306184735033132,1.0,-0.5,0.0,0.0,0.2222222222222222,0.0,0.724333,0.03419,0.153428,0.0,6.75
352,367,12,7,0.112189,0.5711162279049835,0.75,0.0,0.0,0.0,1.0,0.0,0.340653,0.368537,0.242467,0.0,6.75
353,368,12,8,0.126075,0.542695474486277,1.0,1.0,0.0,0.0,0.5555555555555556,0.0,0.117209,0.100542,0.132381,0.0,5.8
354,369,12,9,0.050003,0.1681599350134232,0.25,-0.2,0.0,0.0,0.1111111111111111,0.0,0.296426,0.153539,0.256294,0.0,6.4
355,370,12,10,0.072546,0.2096102713108366,0.4,0.4,0.00447,0.002868,0.1111111111111111,0.0,0.244348,0.107044,0.164786,0.0,6.4
356,371,12,11,0.140792,0.4847017625322417,0.75,0.4,0.0,0.000423,0.2222222222222222,0.0,0.365859,0.084485,0.329355,0.0,6.0
357,372,12,12,0.14706,0.7203230164480988,0.333333,-0.4,0.030079,0.0,0.3333333333333333,0.0,0.195784,0.05744,0.175542,0.0,5.4
358,373,12,13,0.157341,0.5485193463536866,0.0,0.4,0.084268,0.0,0.3333333333333333,0.0,0.418664,0.118727,0.274337,0.0,6.5
359,374,12,14,0.13878,0.4036890188884476,0.666667,0.75,0.070904,0.0,0.8888888888888888,0.375,0.314853,0.048535,0.168094,0.0,6.2
360,375,12,15,0.150298,0.2652659970878461,0.4,0.0,0.0,0.000824,0.3333333333333333,0.125,0.428884,0.298328,0.043652,0.0,6.25
361,376,12,16,0.087211,0.1535998741562313,0.75,0.25,0.0,0.0,0.0,0.0,0.376802,0.225805,0.0589,0.0,6.4
362,377,12,17,0.125655,0.3269527177795421,1.0,0.2,0.00084,0.018061,0.0,0.0,0.453954,0.129699,0.109102,0.0,6.25
363,378,12,18,0.117655,0.4358060514675286,0.25,0.0,0.012367,0.0,0.2222222222222222,0.0,0.42094,0.181697,0.173921,0.0,5.25
364,379,12,19,0.165517,0.6020304188938329,-0.5,0.0,0.016292,0.01628,0.0,0.0,0.359503,0.211645,0.160146,0.0,6.4
365,380,12,20,0.133821,0.4241947726652595,0.6,0.2,0.0,0.000662,0.0,0.0,0.637392,0.056308,0.070357,0.0,6.6
366,381,12,21,0.071511,0.2664355351014615,1.0,-0.5,0.0,0.0,0.2222222222222222,0.0,0.526656,0.078146,0.034613,0.0,6.8
367,382,12,22,0.084032,0.3976331146147413,0.8,0.0,0.001516,0.0,0.0,0.0,0.308875,0.092326,0.2586,0.0,5.6
368,383,12,23,0.095383,0.4715868776039625,0.0,0.6,0.005226,0.0,0.3333333333333333,0.0,0.472837,0.131498,0.189306,0.0,6.6
369,384,12,24,0.087424,0.4270187355579177,0.8,-0.4,0.0,0.0,0.1111111111111111,0.0,0.411966,0.213296,0.138725,0.0,6.8
370,385,12,25,0.12005,0.3915189431717927,1.0,0.2,0.024163,0.0,0.6666666666666666,0.0,0.442661,0.038605,0.301037,0.0,7.0
371,386,12,26,0.198099,0.3833298323859984,1.0,0.0,0.0,0.0,0.3333333333333333,0.25,0.260031,0.140777,0.310041,0.0,6.8
372,387,12,27,0.131062,0.4222982316356016,0.8,-0.6,0.016146,0.0,0.2222222222222222,0.0,0.505205,0.056019,0.22749,0.0,6.6
373,388,12,28,0.079979,0.3218300129648296,0.8,-0.6,0.0,0.0,0.0,0.0,0.533394,0.130176,0.053477,0.0,5.8
374,389,12,29,0.167165,0.3967510963636885,0.4,0.4,0.0,0.0,0.4444444444444444,0.25,0.338318,0.118425,0.19537,0.0,6.4
375,390,12,30,0.220267,0.8215204726684973,1.0,0.4,0.005472,0.036519,0.0,0.0,0.305158,0.087807,0.049401,0.0,6.0
390,406,13,0,0.084649,0.9085288502077128,0.6,0.6,0.0,0.0,0.0,0.2857142857142857,0.012591,0.094699,1.092446,0.0,8.4
391,407,13,1,0.093973,0.866340743792617,1.6,1.4,0.0,0.0,0.0,0.0,0.053116,0.185241,0.690645,0.0,7.4
392,408,13,2,0.119163,0.4586934725749922,1.0,1.6,0.0,0.0,0.0,0.2857142857142857,0.038168,0.09682,0.894973,0.0,8.8
393,409,13,3,0.307413,0.3294545497340129,1.8,1.0,0.0,0.0,0.5,0.0,0.039683,0.20142,0.66985,0.0,7.6
394,410,13,4,0.098568,0.353260415848084,1.8,1.2,0.0,0.0,0.0,0.0,0.075864,0.041476,0.859798,0.0,8.4
395,411,13,5,0.303655,0.6370227493003634,1.0,-1.0,0.0,0.0,0.25,0.1428571428571428,0.026962,0.089057,0.807194,0.0,7.4
396,412,13,6,0.108094,0.601891421003188,1.0,-1.2,0.0,0.0,0.0,0.1428571428571428,0.041193,0.08567,0.848367,0.0,7.6
397,413,13,7,0.335584,0.8538457929293173,1.2,-1.0,0.002746,0.0,0.0,0.0,0.246027,0.153932,0.416807,0.0,7.2
398,414,13,8,0.370085,0.3947897100005122,1.0,-1.8,0.0,0.0,0.0,0.0,0.115717,0.126991,0.908679,0.0,6.2
399,415,13,9,0.110632,0.6689996479310685,0.8,-0.6,0.0,0.0,0.0,0.0,0.00997,0.045299,0.767158,0.0,7.0
400,416,13,10,0.292227,0.3834121752739491,0.6,-1.2,0.0,0.0,0.25,0.0,0.133211,0.208713,0.497695,0.0,7.5
401,417,13,11,0.438748,0.5266491958888936,1.0,-1.5,0.0,0.0,0.75,0.4285714285714285,0.550374,0.094267,0.566151,0.0,7.4
402,418,13,12,0.371208,0.6461379740350145,1.0,-1.2,0.0,0.0,0.0,0.0,0.090334,0.063027,2.253351,0.0,7.6
403,419,13,13,0.303966,0.799731808931235,1.4,-0.8,0.0,0.0,0.75,1.0,0.003125,0.032377,1.104019,0.0,7.8
404,420,13,14,0.196742,0.5657563086973705,1.0,-0.6,0.0,0.0,0.0,0.4285714285714285,0.049445,0.084586,0.88518,0.0,6.8
405,421,13,15,0.156461,0.8754882242002306,0.8,0.2,0.0,0.0,0.0,0.0,0.006626,0.044106,0.950052,0.0,6.25
406,422,13,16,0.320321,0.5850668595122974,0.75,0.25,0.0,0.0,0.0,0.0,0.06321,0.041655,0.738461,0.0,7.4
407,423,13,17,0.308005,0.7461750925737755,1.0,-0.4,0.0,0.0,0.25,0.1428571428571428,0.086361,0.019415,1.164026,0.0,8.2
408,424,13,18,0.124336,0.7297804635755961,1.4,0.8,0.0,0.0,0.5,0.0,0.015244,0.09487,0.76902,0.0,7.8
409,425,13,19,0.190265,1.0,1.2,-0.2,0.0,0.0,1.0,0.0,0.01475,0.016771,0.811163,0.0,7.6
410,426,13,20,0.309211,0.6223041391324189,1.0,0.6,0.001702,0.0,0.25,0.0,0.011601,0.0,0.949144,0.0,6.8
411,427,13,21,0.468708,0.2488645936603466,1.2,0.6,0.0,0.0,0.25,0.0,0.105922,0.0,0.606168,0.0,6.8
412,428,13,22,0.095499,0.5357933032465565,1.0,0.6,0.030528,0.0,1.0,0.8571428571428571,0.044884,0.016321,0.736615,0.0,6.6
413,429,13,23,0.151341,0.5766871153223467,0.8,0.2,0.0,0.0,0.0,0.2857142857142857,0.019072,0.0,0.931906,0.0,6.8
414,430,13,24,0.261019,0.3473285029110017,1.0,-0.6,0.0,0.0,0.0,0.0,0.043332,0.0,0.948866,0.0,6.0
415,431,13,25,0.369935,0.6037475508203599,0.2,-0.8,0.0,0.0,0.5,0.1428571428571428,0.020813,0.0,0.759413,0.0,6.0
416,432,13,26,0.338283,0.4312477283647186,0.75,-0.25,0.014874,0.0,0.5,0.0,0.045328,0.0,0.814952,0.0,6.4
417,433,13,27,0.041411,0.8182158051662322,1.0,-1.2,0.005738,0.0,0.5,0.1428571428571428,0.027518,0.006335,0.807696,0.0,3.5
418,434,13,28,0.118182,0.0715313712980774,-1.0,-1.0,0.0,0.0,0.0,0.0,0.065391,0.0,0.68059,0.0,7.2
434,451,14,0,0.173386,0.798694209437825,0.4,-0.6,0.0,0.0,1.0,0.0,0.13438,0.020454,0.278627,0.0,5.8
435,452,14,1,0.096,0.9302985702977992,0.0,-0.6,0.0,0.0,0.0,0.0,0.152154,0.049408,0.396445,0.0,6.0
436,453,14,2,0.066437,0.6757913437253359,0.2,-0.6,0.0,0.0,0.0,0.0,0.151698,0.035498,0.360989,0.0,6.5
437,454,14,3,0.081835,0.9537307064086596,0.25,-1.0,0.0,0.0,0.0,0.0,0.075768,0.037069,0.553683,0.0,5.75
438,455,14,4,0.086944,1.0,0.0,-0.25,0.0,0.0,0.1111111111111111,0.5,0.089144,0.0,0.42334,0.0,7.0
439,456,14,5,0.136183,0.819808916698123,1.0,-0.2,0.0,0.0,0.1111111111111111,0.5,0.097881,0.047995,0.431551,0.0,6.6
440,457,14,6,0.080247,0.9541663552249384,0.8,-1.0,0.0,0.0,0.1111111111111111,0.0,0.129371,0.019543,0.761807,0.0,6.2
441,458,14,7,0.069684,0.8932478333790379,0.6,-0.4,0.0,0.0,0.1111111111111111,0.0,0.101215,0.01378,0.607956,0.0,8.0
442,459,14,8,0.165643,0.3553459433785467,1.25,-0.25,0.0,0.0,0.1111111111111111,0.5,0.175724,0.002449,0.396476,0.0,6.5
443,460,14,9,0.009552,0.2026794788272681,1.0,-1.0,0.0,0.0,0.1111111111111111,0.0,0.0,0.0,0.19512,0.0,6.75
444,461,14,10,0.046555,0.2351189987693833,0.75,-0.25,0.0,0.0,0.4444444444444444,1.0,0.0,0.0,0.33684,0.0,6.2
445,462,14,11,0.052006,0.0327541509414111,0.4,0.0,0.0,0.0,0.0,0.0,0.075301,0.0,0.220755,0.0,7.0
446,463,14,12,0.063488,0.0592829576507296,1.0,-1.0,0.0,0.0,0.0,0.0,0.091979,0.0,0.20614,0.0,7.333333
447,464,14,13,0.069387,0.1803604473262955,1.0,-0.5,0.0,0.0,0.0,0.0,0.019633,0.0,0.157628,0.0,7.5
448,465,14,14,0.003819,0.0233780886147374,1.0,-1.0,0.0,0.0,0.0,0.0,0.0,0.0,0.117994,0.0,7.4
449,466,14,15,0.016678,0.1129523494251164,0.6,-1.6,0.002026,0.0,0.0,0.0,0.053355,0.0,0.508449,0.0,7.4
450,467,14,16,0.029015,0.0960378396399416,1.0,-1.0,0.0,0.0,0.1111111111111111,0.0,0.08681,0.0,5.351451,0.0,7.0
451,468,14,17,0.008827,0.0418365628074349,1.0,-0.2,0.0,0.0,0.0,0.5,0.243373,0.0,0.193739,0.0,6.8
452,469,14,18,0.039592,0.0344244541457108,0.8,-0.2,0.0,0.0,0.1111111111111111,0.0,0.0,0.0,0.149014,0.0,8.0
453,470,14,19,0.117087,0.0834917510357576,1.0,0.333333,0.0,0.0,0.0,0.0,0.011885,0.0,0.151661,0.0,6.666667
454,471,14,20,0.052011,0.0643462426320831,1.0,-0.333333,0.0,0.0,0.0,0.0,0.034613,0.0,0.022306,0.0,7.75
455,472,14,21,0.026138,0.0420325324909854,1.0,1.0,0.0,0.0,0.2222222222222222,0.0,0.120125,0.0,0.034718,0.0,7.5
456,474,14,23,0.0,0.0022594285896704,0.0,0.0,0.0,0.0,0.0,0.0,0.0,0.0,0.0,0.0,7.5
457,475,14,24,0.006667,0.0249164278257579,1.0,0.0,0.0,0.0,0.0,0.0,0.0,0.0,0.122668,0.0,6.0
458,476,14,25,0.001808,0.0244621552001188,0.333333,-1.0,0.0,0.0,0.0,0.0,0.048123,0.0,0.162982,0.0,6.0
459,477,14,26,0.05852,0.0564789493027248,0.25,0.5,0.0,0.0,0.0,0.0,0.0,0.0,0.017679,0.0,6.2
460,478,14,27,0.05316,0.060920041941231,0.4,0.0,0.096758,0.0,0.0,0.5,0.022681,0.0,0.062903,0.0,6.5
461,479,14,28,0.020833,0.0081113053077006,0.0,-1.0,0.0,0.0,0.0,0.0,0.0,0.0,0.36749,0.0,6.75
476,497,15,0,0.069224,0.1657252358694391,0.8,0.2,0.00367,0.0,0.238095238095238,0.0,0.0,0.0,0.238038,0.0,7.0
477,498,15,1,0.071059,0.072462456111459,1.0,-0.4,0.0,0.0,0.0,0.0,0.0,0.0,0.224516,0.0,7.0
478,499,15,2,0.144928,0.1136551152427438,1.0,0.2,0.0,0.0,0.0,0.0,0.0,0.0,0.929372,0.0,7.0
479,500,15,3,0.0,0.0659964802818849,0.8,1.0,0.065721,0.0,0.0,0.0,0.0,0.0,0.116986,0.0,7.0
480,501,15,4,0.00431,0.2919572580956465,1.0,0.8,0.0,0.0,0.0476190476190476,0.0,0.0,0.0,0.616097,0.0,7.2
481,502,15,5,0.226852,1.0,0.8,1.4,0.0,0.0,0.3333333333333333,0.25,0.0,0.0,0.778126,0.0,7.0
482,503,15,6,0.0,9.33583609370347e-05,1.0,1.0,0.0,0.0,0.5714285714285714,0.0,0.0,0.0,0.0,0.0,7.2
483,504,15,7,0.042063,0.3199130353369303,1.0,1.2,0.0,0.0,0.3809523809523809,0.0,0.0,0.0,0.656534,0.0,7.0
484,505,15,8,0.325952,0.0393442848293561,0.8,-1.2,0.046425,0.0,0.4761904761904761,0.0,0.254815,0.0,0.01549,0.0,7.4
485,506,15,9,0.252877,0.21633779423622,1.0,-0.8,0.0,0.0,0.238095238095238,0.0,0.145695,0.0,0.304477,0.0,7.2
486,507,15,10,0.0,0.0,1.0,0.2,0.0,0.0,0.5714285714285714,0.5833333333333334,0.0,0.0,0.0,0.0,7.2
487,508,15,11,0.271825,0.1555679674441143,1.0,0.6,0.0,0.0,0.0476190476190476,0.3333333333333333,0.0,0.0,0.954493,0.0,7.2
488,509,15,12,0.189484,0.3357075725827322,1.0,0.8,0.005456,0.0,0.3333333333333333,0.0833333333333333,0.0085,0.0,0.793075,0.0,7.2
489,510,15,13,0.0,0.0,1.0,0.6,0.0,0.0,0.0952380952380952,0.0,0.0,0.0,0.0,0.0,7.2
490,511,15,14,0.16338,0.1495619128904985,1.0,0.6,0.0,0.0,0.0952380952380952,0.0,0.319128,0.0,0.458954,0.0,7.8
491,512,15,15,0.138158,0.0051355181490341,1.0,1.0,0.0,0.0,0.1904761904761904,0.0,0.0,0.0,0.0,0.0,6.2
492,513,15,16,0.006579,0.0856282078216985,0.0,-0.2,0.0,0.0,0.238095238095238,0.0833333333333333,0.0,0.0,0.467804,0.0,6.8
493,514,15,17,0.106758,0.1045755094556814,0.4,0.4,0.0,0.0,0.1904761904761904,0.0833333333333333,0.0,0.0,0.870866,0.0,6.8
494,515,15,18,0.0,0.0,0.6,0.2,0.0,0.0,0.0476190476190476,0.25,0.0,0.0,0.0,0.0,7.0
495,516,15,19,0.008772,0.0,1.0,0.0,0.0,0.0,0.1904761904761904,0.0,0.0,0.0,0.0,0.0,7.2
496,517,15,20,0.007895,0.1309981484189798,1.0,0.4,0.0,0.0,0.0476190476190476,0.0,0.0,0.0,0.749889,0.0,7.0
497,518,15,21,0.035714,0.160644884024595,0.8,0.4,0.0,0.0,0.0476190476190476,0.0,0.538097,0.0,0.052141,0.0,7.4
498,519,15,22,0.097098,0.4374289835754815,1.0,1.0,0.0,0.0,0.238095238095238,0.0833333333333333,0.0,0.191518,0.53937,0.0,7.0
499,520,15,23,0.0,0.0,1.0,2.0,0.0,0.0,1.0,0.1666666666666666,0.0,0.0,0.0,0.0,7.0
500,521,15,24,0.084877,0.5852482070618221,1.0,1.0,0.054558,0.0,0.0476190476190476,0.0,0.037715,0.0,0.686134,0.0,7.0
501,522,15,25,0.0,0.0,1.0,-0.2,0.0,0.0,0.0476190476190476,0.0,0.0,0.0,0.0,0.0,7.0
502,523,15,26,0.1239,0.5681122999171924,1.0,0.2,0.0,0.0,0.0,0.0,0.0,0.0,0.626465,0.0,6.4
503,524,15,27,0.091146,0.4727841181813355,0.0,0.0,0.00429,0.0,0.0952380952380952,0.0,0.027081,0.0,0.617924,0.0,6.0
504,525,15,28,0.260514,0.2879254701791622,0.0,-0.4,0.228944,0.0,0.0,0.0,0.0,0.255539,0.255455,0.0,7.0
505,526,15,29,0.03125,0.0914329962984891,0.8,-0.2,0.0,0.0,0.0,0.0,0.0,0.0,0.033302,0.0,7.0
506,527,15,30,0.0,0.0,1.0,0.0,0.0,0.0,0.0,0.0,0.0,0.0,0.0,0.0,7.2
523,546,16,0,0.06056,0.0329724190840726,1.0,1.0,0.0,0.0,0.25,0.0,0.43925,0.017686,0.436124,0.0,6.5
524,547,16,1,0.06677,0.1337020367103906,0.75,0.5,0.0,0.0,0.375,0.1333333333333333,0.013335,0.080847,0.163975,0.0,7.0
525,548,16,2,0.068452,0.0840247148253785,1.0,0.0,0.0,0.0,0.75,0.2,0.263389,0.249544,0.281536,0.0,6.4
526,549,16,3,0.107313,0.0530993710703464,0.8,0.0,0.0,0.0,0.0,0.0,0.177938,0.0,0.485366,0.0,6.0
527,550,16,4,0.087166,0.1172347408672862,0.6,0.6,0.0,0.0,0.0,0.0666666666666666,0.158875,0.04996,0.360694,0.0,5.6
528,551,16,5,0.090625,0.2921979083184183,0.25,0.2,0.0,0.0,0.0,0.0666666666666666,0.087662,0.023827,0.112672,0.0,6.0
529,552,16,6,0.295099,0.1843952613722808,0.25,0.0,0.0,0.0,0.125,1.0,0.0,2.097004,0.0,0.0,6.5
530,553,16,7,0.087469,0.0600534812311325,0.75,-0.75,0.0,0.0,0.0,0.0,0.0,0.0,0.76674,0.0,6.0
531,554,16,8,0.252504,0.0474427290882741,0.5,-0.5,0.0,0.0,0.25,0.1333333333333333,0.229109,0.0,0.378148,0.0,5.4
532,555,16,9,0.052733,0.0997828916743632,1.0,0.4,0.0,0.0,0.5,0.0,0.0,1.715899,0.116429,0.0,6.0
533,556,16,10,0.13474,0.0085368455050408,0.333333,-0.25,0.0,0.0,0.375,0.4666666666666667,0.0,0.0,0.719148,0.0,5.8
534,557,16,11,0.313439,0.1704608973445398,0.6,-0.4,0.0,0.0,0.0,0.0666666666666666,0.032804,0.0,0.132258,0.0,6.4
535,558,16,12,0.030474,1.0,1.0,-0.2,0.0,0.0,0.5,0.0,8.4e-05,0.0,0.012234,0.0,6.25
536,559,16,13,0.012361,0.0160585979940142,0.333333,-0.5,0.0,0.0,0.0,0.0,0.29792,0.007304,2.083216,0.0,6.2
537,560,16,14,0.144071,0.5713949911435303,0.8,-0.2,0.0,0.0,0.5,0.2666666666666666,0.061116,0.448678,0.340127,0.0,7.0
538,561,16,15,0.087489,0.0234096066320798,1.0,0.0,0.0,0.0,0.125,0.0,0.099335,0.701826,1.184325,0.0,6.75
539,562,16,16,0.199877,0.1857642198625535,1.0,-0.666667,0.0,0.0,0.0,0.0,0.077136,0.090118,0.314668,0.003251,7.0
540,563,16,17,0.086417,0.256116586122458,1.0,-0.2,0.0,0.0,0.0,0.0666666666666666,0.05419,0.02317,0.184288,0.0,6.4
541,564,16,18,0.039897,0.0008415728423807,0.666667,0.5,0.0,0.0,1.0,0.0666666666666666,0.0,0.0,0.0,0.0,7.2
542,565,16,19,0.240157,0.3692072025216414,1.0,-0.5,0.0,0.0,0.125,0.0,0.0,0.0,0.00285,0.0,6.6
543,566,16,20,0.129389,0.1260584730594891,1.0,0.2,0.0,0.149565,0.375,0.0666666666666666,0.204049,0.103744,0.303902,0.0,7.0
544,567,16,21,0.039574,0.0415156269954819,1.0,1.0,0.0,0.0,0.0,0.0,0.305648,0.0,1.173998,0.0,7.0
545,568,16,22,0.0,0.0022477803299381,1.0,1.25,0.0,0.0,0.5,0.0,0.0,0.0,0.0,0.0,6.4
546,569,16,23,0.045455,0.0129933062857798,0.5,0.0,0.0,0.0,0.125,0.1333333333333333,0.412416,0.0,0.026798,0.0,7.0
547,570,16,24,0.034144,0.0234179356004168,1.0,0.8,0.0,0.0,0.5,0.0,0.028196,0.0,0.404911,0.0,6.6
548,571,16,25,0.05,0.0004782215986806,0.5,0.6,0.0,0.0,0.125,0.1333333333333333,8.506531,0.0,12.856313,0.0,7.25
549,572,16,26,0.137977,0.0816038771578968,1.0,1.25,0.0,0.0,0.25,0.2666666666666666,0.128322,0.0,0.45036,0.0,7.0
550,573,16,27,0.146445,0.051559668729166,1.0,-0.6,0.0,0.0,0.375,0.0,0.031722,0.0,0.34626,0.0,6.8
551,574,16,28,0.009735,0.2463072592280342,1.0,0.0,0.0,0.0,0.0,0.2666666666666666,0.088046,0.525144,0.271109,0.0,7.2
567,592,17,0,0.167974,0.4373736702842925,1.0,0.8,0.009411,0.0,0.0,0.0,0.311355,0.266966,1.333487,0.0,7.4
568,593,17,1,0.19277,0.5001296182700493,0.8,0.4,0.0,0.0,0.0,0.0,0.226786,0.278748,1.668441,0.0,7.4
569,594,17,2,0.070093,0.4579027818430142,0.8,0.8,0.0,0.0,0.0,0.3333333333333333,0.283936,0.391969,0.513317,0.0,7.0
570,595,17,3,0.169409,1.0,0.666667,0.666667,0.0,0.0,0.5,0.0,0.106662,0.060394,0.202751,0.0,7.5
571,596,17,4,0.062023,0.2926231567260797,1.0,0.5,0.076991,0.0,0.0,0.0,0.392767,0.512176,0.3685,0.0,7.2
572,597,17,5,0.068537,0.5922217712377453,0.8,0.2,0.0,0.0,0.25,0.0,0.207523,0.433645,0.241113,0.0,7.2
573,598,17,6,0.090633,0.4872817331377781,0.6,0.4,0.0,0.0,0.0,0.0,0.257592,0.349588,0.839492,0.0,7.2
574,599,17,7,0.251037,0.7888528527837713,1.0,0.6,0.003194,0.0,0.125,0.0,0.123158,0.083881,0.418172,0.0,6.8
575,600,17,8,0.209288,0.4803801399006436,0.6,0.6,0.0,0.0,1.0,0.3333333333333333,0.441103,0.292609,0.244803,0.0,8.0
576,601,17,9,0.008333,0.0494827778461397,1.0,1.0,0.0,0.0,0.0,0.0,0.190155,0.0,0.518907,0.0,7.25
577,602,17,10,0.097986,0.4881636721756556,1.0,0.5,0.0,0.0,0.0,0.0,0.474701,0.159722,0.260834,0.0,7.4
578,603,17,11,0.146776,0.471829103837677,1.0,0.6,0.140013,0.0,0.5,0.6666666666666666,0.197323,0.374288,0.715139,0.0,7.5
579,604,17,12,0.090177,0.6191688860138757,0.75,0.25,0.022534,0.0,0.125,0.0,0.197196,0.232118,0.106242,0.0,7.2
580,605,17,13,0.124203,0.6271269993887576,1.0,0.2,0.004834,0.0,0.125,0.3333333333333333,0.193414,0.307453,0.317672,0.0,7.0
581,606,17,14,0.159836,0.3804702410613851,0.8,-0.6,0.014744,0.0,0.125,0.3333333333333333,0.253552,0.416653,0.156823,0.0,7.0
582,607,17,15,0.18914,0.3557499322631,1.0,0.2,0.0,0.0,0.375,1.0,0.093835,0.183061,0.426249,0.0,7.25
583,608,17,16,0.036888,0.3144558114914071,1.25,0.25,0.0,0.0,0.0,0.3333333333333333,0.143164,0.485132,0.17837,0.0,7.0
584,609,17,17,0.049,0.7238517790315668,1.0,1.0,0.0,0.0,0.0,0.0,0.142236,0.134618,0.108124,0.0,7.0
585,610,17,18,0.026065,0.8862298640301459,1.0,0.4,0.085425,0.0,0.375,0.3333333333333333,0.13154,0.223952,0.287241,0.0,7.0
586,611,17,19,0.109231,0.561693279453882,1.0,0.25,0.056325,0.0,0.0,0.0,0.121131,0.649171,0.255264,0.0,6.75
587,612,17,20,0.100774,0.6799161074625527,1.0,1.0,0.006306,0.0,0.0,0.0,0.237883,0.309791,0.415848,0.0,7.2
588,613,17,21,0.207374,0.3062053357855527,1.0,0.4,0.0,0.0,0.0,0.0,0.392624,0.260087,0.135472,0.0,7.2
589,614,17,22,0.165953,0.3924586055391929,1.0,0.4,0.0,0.0,0.0,0.0,0.234034,0.359812,0.238923,0.0,7.2
590,615,17,23,0.075664,0.6638466311108241,1.0,-0.2,0.0,0.0,0.0,0.0,0.324358,0.393222,0.175321,0.0,7.0
591,616,17,24,0.085114,0.1353893952832699,1.0,0.8,0.091968,0.0,0.125,0.0,0.197449,0.0,0.23437,0.0,7.0
592,617,17,25,0.102236,0.6814780505257463,1.0,0.4,0.001611,0.0,0.0,0.3333333333333333,0.184923,0.225548,0.803379,0.0,7.2
593,618,17,26,0.111374,0.5138826141064572,1.0,0.8,0.008995,0.0,0.25,0.3333333333333333,0.166591,0.124193,0.578548,0.0,7.0
594,619,17,27,0.116151,0.3733652904831809,1.0,0.4,0.0,0.0,0.0,0.6666666666666666,0.334274,0.2785,0.370422,0.0,7.0
595,620,17,28,0.188555,0.2992328895419663,1.0,1.0,0.0,0.0,0.125,0.0,0.015017,0.565508,0.379266,0.0,7.0
611,638,19,0,0.109655,1.0,0.666667,0.666667,0.0,0.0,0.2,0.0,0.000727,0.0,0.707637,0.0,6.6
612,639,19,1,0.086579,0.6859958478639585,0.4,-1.4,0.0,0.0,0.4666666666666667,0.0,0.015057,0.0,0.387487,0.0,7.0
613,640,19,2,0.02946,0.1437058508669623,0.8,-0.8,0.0,0.0,0.2666666666666666,0.0,0.067869,0.0,0.2531,0.0,6.0
614,641,19,3,0.113889,0.3091419401078139,0.4,-0.4,0.0,0.0,0.3333333333333333,0.0,0.0,0.012189,1.60241,0.0,5.5
615,642,19,4,0.113252,0.6907508921748527,0.25,-1.25,0.0,0.0,0.8,0.0,0.0,0.0,0.820782,0.0,6.0
616,643,19,5,0.108915,0.6365730677574023,0.4,-0.6,0.0,0.0,0.4,0.0,0.031664,0.0,0.74966,0.0,6.6
617,644,19,6,0.132205,0.5185972766995458,0.6,0.0,0.0,0.0,0.4666666666666667,0.5,0.052955,0.067451,0.60218,0.0,6.6
618,645,19,7,0.148872,0.3939328069951239,1.2,-0.6,0.0,0.0,0.5333333333333333,0.5,0.009622,0.206084,0.447263,0.0,7.4
619,646,19,8,0.137954,0.2528389348538552,1.2,0.2,0.0,0.0,0.6666666666666666,1.0,0.0,0.048647,0.549132,0.0,7.0
620,647,19,9,0.064524,0.1478015905823952,0.8,-0.4,0.0,0.0,0.3333333333333333,0.0,0.0,0.0,0.673782,0.0,7.2
621,648,19,10,0.130121,0.8930506567231948,1.0,-0.4,0.0,0.0,0.4,0.5,0.0,0.0,0.841295,0.0,6.4
622,649,19,11,0.133467,0.5149922301241385,0.2,0.0,0.0,0.0,0.0666666666666666,0.0,0.0,0.0,1.330137,0.0,7.6
623,650,19,12,0.077164,0.2675983671274638,1.0,-0.2,0.0,0.0,0.2,0.0,0.02572,0.0,0.637014,0.0,6.6
624,651,19,13,0.073077,0.4516077898093453,0.6,0.0,0.0,0.0,0.1333333333333333,0.0,0.0,0.0,0.777099,0.0,7.0
625,652,19,14,0.157021,0.569638102118863,0.4,-0.2,0.0,0.0,0.7333333333333333,0.0,0.055555,0.0,0.535198,0.0,8.0
626,653,19,15,0.135956,0.3193574900137861,1.2,-0.6,0.0,0.163036,0.7333333333333333,0.0,0.024104,0.0,0.492095,0.0,7.25
627,654,19,16,0.094224,0.35658752602387,1.0,-1.25,0.0,0.0,0.5333333333333333,0.5,0.0,0.0,0.670733,0.0,6.6
628,655,19,17,0.183435,0.5531530245383783,0.6,-1.0,0.0,0.0,0.7333333333333333,0.0,0.055952,0.0,0.781105,0.0,6.8
629,656,19,18,0.089063,0.4187838903121825,1.0,-0.4,0.0,0.0,0.5333333333333333,1.0,0.0,0.0,0.663028,0.0,7.2
630,657,19,19,0.117565,0.4402071931318042,0.8,-0.4,0.0,0.0,0.5333333333333333,0.5,0.0,0.0,0.808362,0.0,6.75
631,658,19,20,0.072801,0.151072586007502,0.75,-0.5,0.0,0.0,0.2666666666666666,0.0,0.064554,0.0,0.411606,0.0,6.8
632,659,19,21,0.111094,0.4002277207258327,1.0,-0.6,0.0,0.0,0.4,0.0,0.02215,0.0,0.600129,0.0,7.2
633,660,19,22,0.066055,0.2659132521320318,0.8,0.2,0.0,0.0,0.4,0.0,0.211015,0.0,0.530605,0.0,7.2
634,661,19,23,0.113674,0.2172788687185366,1.0,-0.6,0.0,0.0,0.4,0.0,0.150607,0.0,0.58385,0.0,7.0
635,662,19,24,0.145929,0.7214659099923871,0.8,0.4,0.0,0.0,1.0,0.0,0.041689,0.0,0.753156,0.0,6.4
636,663,19,25,0.130766,0.6177137131984184,1.0,-1.0,0.0,0.0,0.2666666666666666,0.0,0.004484,0.0,0.794685,0.0,6.8
637,664,19,26,0.077214,0.2699977412564557,1.0,-0.6,0.0,0.0,0.2666666666666666,0.5,0.189501,0.0,3.827724,0.0,6.8
638,665,19,27,0.101468,0.6874271061918132,1.0,-0.8,0.0,0.0,0.0666666666666666,0.0,0.020551,0.0,1.128339,0.0,6.8
639,666,19,28,0.064931,0.4772068833118084,1.0,-1.0,0.0,0.069255,0.2,0.5,0.0,0.0,1.022135,0.0,6.8
640,667,19,29,0.110317,0.1606611397164137,0.8,-0.4,0.0,0.0,0.4,0.0,0.290791,0.0,0.68497,0.0,7.6
656,684,20,0,0.0,0.007614676229503,0.25,0.25,0.0,0.0,0.0,0.0,0.0,0.0,0.0,0.0,7.5
657,685,20,1,0.007716,0.3960712076222671,0.5,1.0,0.0,0.0,0.0,0.0,0.001925,0.0,0.257415,0.0,7.6
658,686,20,2,0.04321,0.1749374067743645,0.8,0.8,0.0,0.0,0.0,0.1666666666666666,0.0,0.069796,0.951169,0.0,6.8
659,687,20,3,0.033333,0.6054869491068684,0.4,-0.2,0.0,0.186299,0.0,0.1666666666666666,0.095398,0.068112,0.320315,0.0,6.0
660,688,20,4,0.078935,0.672538052506196,-0.5,-0.75,0.0,0.130697,0.0,0.0,0.196802,0.098555,0.091223,0.0,6.8
661,689,20,5,0.025762,0.1893464368988172,0.4,0.4,0.0,0.0,0.0,0.0,0.464195,0.495353,0.107952,0.0,7.0
662,690,20,6,0.057,0.3197589638939249,0.75,0.25,0.0,0.49435,0.0,0.0,0.198363,0.035112,0.091044,0.0,6.25
663,691,20,7,0.02381,0.1165333410929112,0.0,0.5,0.0,0.0,0.0,0.0,0.0,0.0,0.289542,0.0,7.4
664,692,20,8,0.138139,0.1925161401329165,1.0,1.0,0.0,0.650466,0.6666666666666666,0.0,0.0,0.0,0.027772,0.0,7.5
665,693,20,9,0.380208,0.2111975769874535,1.0,1.0,0.0,0.0,0.0,0.3333333333333333,0.392323,0.0,0.532101,0.0,7.0
666,694,20,10,0.0125,0.0052412575070753,0.8,0.8,0.0,0.0,0.1666666666666666,0.5,0.0,0.0,0.999759,0.0,6.25
667,695,20,11,0.0,0.0074977765013834,0.0,0.0,0.0,32.169445,0.0,0.6666666666666666,0.0,0.0,0.0,0.0,6.5
668,696,20,12,0.06713,0.5760798361885628,0.25,0.0,0.0,0.0,0.0,0.0,0.34668,0.065349,0.314341,0.0,6.666667
669,697,20,13,0.055023,0.013828832989002,0.333333,0.333333,0.0,0.0,0.1666666666666666,0.0,0.0,0.0,0.0,0.0,7.0
670,698,20,14,0.015741,0.5227206764496388,0.5,0.75,0.0,0.264687,0.0,0.0,0.176215,0.0,0.368769,0.0,7.0
671,699,20,15,0.09056,0.2043407247530113,0.8,0.4,0.0,0.523278,0.3333333333333333,0.0,0.0,0.034022,0.117043,0.0,7.0
672,700,20,16,0.060227,0.9929569178956532,0.8,0.6,0.0,0.106566,0.5,0.1666666666666666,0.111458,0.003589,0.217308,0.0,6.8
673,701,20,17,0.029012,0.0734297292202509,1.0,0.6,0.0,1.828692,0.0,0.1666666666666666,1.980551,0.26659,3.042405,0.0,7.25
674,702,20,18,0.003367,0.1523150321157965,0.75,0.5,0.0,0.883302,0.0,0.3333333333333333,0.006685,0.0,0.0,0.0,7.75
675,703,20,19,0.069361,0.3878176313635391,1.0,0.25,0.0,0.0,0.0,0.6666666666666666,0.657412,0.162362,0.171743,0.0,7.0
676,704,20,20,0.021836,0.3070280268363315,0.5,0.5,0.0,0.0,0.0,0.1666666666666666,0.272384,0.102182,0.545488,0.0,7.5
677,705,20,21,0.055093,0.0428088322552158,0.75,0.5,0.0,0.0,0.3333333333333333,0.0,0.0,0.0,0.427609,0.0,6.8
678,706,20,22,0.045981,1.0,0.6,0.0,0.0,0.102319,1.0,0.1666666666666666,0.026622,0.0,0.609325,0.0,6.8
679,707,20,23,0.0,0.0012694500778698,0.6,0.0,0.0,113.548935,0.0,0.0,0.0,0.0,0.0,0.0,6.8
680,708,20,24,0.005,0.0,0.2,0.0,0.0,0.0,0.0,0.3333333333333333,0.0,0.0,0.0,0.0,6.8
681,709,20,25,0.106944,0.1770529882176713,0.6,0.0,0.0,0.0,0.0,0.0,0.193704,0.034495,0.602205,0.0,7.2
682,710,20,26,0.00463,0.002858729714924,0.6,0.4,0.0,0.0,0.0,0.1666666666666666,0.0,0.0,0.0,0.0,6.4
683,711,20,27,0.01458,0.4312883893520036,0.4,-0.4,0.0,0.29152,0.0,0.1666666666666666,0.187631,0.038459,0.279366,0.0,6.75
684,712,20,28,0.00643,0.0236701707064969,0.5,0.0,0.0,0.0,0.0,0.0,0.156424,0.0,0.0,0.0,7.5
685,713,20,29,0.036271,0.720869764593805,1.0,0.0,0.0,0.068955,0.0,0.0,0.012418,0.0,0.822866,0.0,7.6
701,730,23,1,0.371361,0.1863667670230663,1.0,0.0,0.0,0.0,0.0,0.5,0.098178,0.107292,0.277361,0.0,7.0
702,731,23,2,0.217996,1.0,1.0,-0.4,0.0,0.0,0.2,0.0,0.743269,0.032176,0.229966,0.0,5.8
703,732,23,3,0.355413,0.3105456411832153,-0.2,-0.2,0.0,0.0,0.0,0.0,0.113044,0.100598,0.328132,0.0,6.2
704,733,23,4,0.274954,0.5933420809161463,0.6,-0.4,0.0,0.0,0.0,0.0,0.0,0.617528,0.267919,0.0,7.0
705,734,23,5,0.405049,0.3147139529256499,1.25,-0.25,0.0,0.015789,0.2,0.5,0.012785,0.216384,0.611434,0.0,7.0
706,735,23,6,0.356218,0.2519939382494887,1.25,0.75,0.0,0.184673,0.0,0.0,0.001655,0.438789,0.409121,0.0,7.0
707,736,23,7,0.405412,0.1528054898152348,1.2,0.6,0.0,0.029434,0.0,0.0,0.0,0.186649,0.789361,0.0,7.25
708,737,23,8,0.397176,0.2925295349714478,1.5,0.25,0.0,0.327362,0.0,0.0,0.009176,0.065375,0.470183,0.0,7.0
709,738,23,9,0.418194,0.2119852430763863,1.2,0.0,0.0,0.08646,0.2,0.0,0.068107,0.297832,0.379284,0.0,7.5
710,739,23,10,0.383015,0.4395522551533989,1.5,-0.25,0.0,0.042438,0.2,0.0,0.017464,0.231264,0.562438,0.0,7.5
711,740,23,11,0.511297,0.254209874784801,2.0,0.0,0.015408,0.013745,0.0,0.0,0.021862,0.07783,0.665761,0.0,7.0
712,741,23,12,0.469348,0.3122353114291256,1.0,0.5,0.0,0.021608,0.6,0.5,0.003054,0.291174,0.437849,0.0,7.0
713,742,23,13,0.360561,0.4016092926644199,1.0,0.5,0.0,0.043554,0.2,0.0,0.003481,0.370419,0.420141,0.0,7.0
714,743,23,14,0.543843,0.3301572017778051,1.0,1.0,0.0,0.008451,0.2,0.5,0.002352,0.139607,0.731426,0.0,6.5
715,744,23,15,0.391632,0.1798265417366393,1.0,0.75,0.0,0.064972,0.2,0.0,0.0,0.045798,0.795025,0.0,7.0
716,745,23,16,0.303281,0.3702981472026362,0.6,0.0,0.0,0.002807,1.0,0.0,0.014904,0.299226,0.601834,0.0,5.75
717,746,23,17,0.382308,0.2836855654825969,0.25,-0.25,0.0,0.0,0.4,0.5,0.025129,0.272414,0.519383,0.0,6.6
718,747,23,18,0.230118,0.3944396912893043,0.6,0.2,0.0,0.005577,0.0,0.0,0.05396,0.052703,0.327455,0.0,7.2
719,748,23,19,0.381734,0.2539388834704258,1.2,-0.4,0.0,0.012555,0.0,0.0,0.009682,0.127868,0.803422,0.0,7.0
720,749,23,20,0.284126,0.6123311707163501,0.8,0.0,0.0,0.586249,0.0,0.5,0.030161,0.025042,0.257455,0.0,7.0
721,750,23,21,0.345387,0.320390408758333,1.0,0.4,0.0,0.062468,0.8,0.0,0.002101,0.0,0.793917,0.0,7.75
722,751,23,22,0.328347,0.1827387253135317,1.0,-0.25,0.0,0.09107,0.0,0.0,0.021594,0.257753,0.494622,0.0,7.2
723,753,23,24,0.299607,0.3332342284850506,0.0,0.0,0.0,0.391217,0.0,0.0,0.004135,0.001431,0.469187,0.0,7.25
724,754,23,25,0.319287,0.2713732599584667,1.0,0.0,0.110146,0.09178,0.2,0.0,0.001124,0.004398,0.422073,0.0,7.4
725,755,23,26,0.378467,0.2808269393683167,1.0,0.0,0.416367,0.023518,0.4,0.0,0.051902,0.0,0.371244,0.0,7.4
739,778,24,23,0.0,0.0,0.0,0.0,0.0,0.0,0.3125,0.0,0.0,0.0,0.0,0.0,8.0
740,779,24,24,0.034967,0.1038749633311529,1.0,1.0,0.0,0.0,0.375,0.1111111111111111,0.0,0.008793,0.397809,0.0,7.6
741,780,24,25,0.077737,0.2241305611381281,0.75,-0.6,0.0,0.0,0.1875,0.1111111111111111,0.24057,0.0,0.306989,0.0,7.4
742,781,24,26,0.098865,0.4112723224453429,0.25,-0.4,0.0,0.0,0.3125,0.3333333333333333,0.034348,0.0,0.598649,0.0,6.75
743,782,24,27,0.043801,0.4977187876595891,0.25,-1.5,0.0,0.0,0.3125,0.3333333333333333,0.128367,0.0,0.555588,0.0,7.0
744,783,24,28,0.162158,0.7077527508467998,0.8,0.4,0.0,0.0,1.0,0.1111111111111111,0.098407,0.000388,0.423455,0.0,7.25
745,784,24,29,0.030992,0.3804383315629037,1.0,0.0,0.0,0.0,0.0625,0.1111111111111111,0.294252,0.0,0.51872,0.0,7.8
746,785,24,30,0.109028,0.3519054135061612,0.8,0.6,0.0,0.0,0.625,0.0,0.061872,0.0,1.84134,0.0,7.5
747,786,24,31,0.015673,0.3576742202062201,1.0,0.5,0.0,0.0,0.0,0.0,0.279699,0.0,0.519282,0.0,7.2
748,787,24,32,0.076659,0.2802380879542154,0.8,0.4,0.0,0.0,0.125,0.1111111111111111,0.076846,0.030045,0.588746,0.0,7.5
749,788,24,33,0.038353,0.1735967902687712,1.0,-0.25,0.0,0.0,0.1875,0.0,0.129586,0.0,0.57579,0.0,6.8
750,789,24,34,0.053789,0.5804774147232937,0.5,-0.25,0.0,0.0,0.6875,0.0,0.054398,0.0,0.627935,0.0,6.2
751,790,24,35,0.066457,0.2294234473817987,0.25,0.2,0.014342,0.0,0.5625,0.1111111111111111,0.044653,0.014364,0.38071,0.0,7.6
752,791,24,36,0.351337,0.1054171503614044,1.0,0.8,0.0,0.0,0.3125,0.5555555555555556,0.018311,0.002784,0.237646,0.0,7.0
753,792,24,37,0.065952,0.1005237495695396,0.75,-1.0,0.0,0.0,0.0,0.0,0.096398,0.0,1.136258,0.0,6.8
754,793,24,38,0.064018,0.5602480545012946,0.6,0.4,0.003126,0.0,0.3125,0.1111111111111111,0.054181,0.006882,0.639629,0.0,6.0
755,794,24,39,0.050806,0.4522918713593072,0.0,1.25,0.0,0.0,0.375,0.0,0.012948,0.006885,0.764435,0.0,6.333333
756,795,24,40,0.152173,0.715009811854651,0.666667,0.0,0.004634,0.0,0.3125,0.2222222222222222,0.029454,0.020641,0.478924,0.0,7.4
757,796,24,41,0.115907,0.3789969954321093,1.0,-0.8,0.0,0.0,0.0,0.0,0.092871,0.0,0.27914,0.0,7.0
758,797,24,42,0.074244,0.19358245069976,1.0,-1.0,0.0,0.0,0.0,0.0,0.263478,0.0,0.260412,0.0,6.833333
759,798,24,43,0.038806,0.3367088411551097,1.0,-1.0,0.101058,0.0,0.0625,0.0,0.0,0.001088,0.537245,0.0,7.5
760,799,24,44,0.116476,0.3874026795133656,1.0,-0.5,0.012178,0.0,0.0,0.0,0.005197,0.0,0.41671,0.0,6.0
761,801,24,46,0.163371,0.2955036248863493,0.0,0.0,0.0,0.0,0.0625,0.0,0.039061,0.0,0.388316,0.0,7.0
762,802,24,47,0.013551,0.5401876900175099,0.75,1.0,0.0,0.0,0.0,0.0,0.021693,0.0,0.534641,0.0,7.0
763,803,24,48,0.091847,0.3585501730951786,1.0,0.333333,0.0,0.0,0.125,0.1111111111111111,0.043427,0.12033,0.444439,0.0,7.4
764,804,24,49,0.083773,0.315914917342497,1.0,-1.0,0.060015,0.0,0.125,0.0,0.0,0.0,0.661383,0.0,7.0
765,805,24,50,0.0907,0.6503146687231588,0.0,-0.333333,0.0,0.0,0.4375,0.0,0.136357,0.005243,0.571991,0.0,7.25
766,806,24,51,0.045328,0.2663585875251216,1.0,-1.0,0.0,0.0,0.0,0.2222222222222222,0.007744,0.0,0.557809,0.0,7.0
767,807,24,52,0.093978,1.0,0.6,-0.8,0.013668,0.0,0.0625,0.0,0.054631,0.034945,0.47148,0.0,7.5
768,808,24,53,0.054278,0.4926357110841042,0.75,-0.25,0.002612,0.0,0.125,0.0,0.017308,0.023165,0.60343,0.0,5.2
769,809,24,54,0.062172,0.5528085148251465,-0.4,-1.0,0.0,0.0,0.4375,0.1111111111111111,0.084479,0.023337,0.537418,0.0,6.4
770,810,24,55,0.054496,0.7924760992910385,0.4,0.2,0.004509,0.0,0.5625,0.4444444444444444,0.024968,0.0,0.634371,0.0,7.0
771,811,24,56,0.021812,0.4277941663280681,1.0,0.0,0.0,0.0,0.1875,0.0,0.122613,0.0,0.370407,0.0,7.6
772,812,24,57,0.030052,0.4590895923335233,1.0,-0.4,0.0,0.0,0.0625,0.0,0.050076,0.0,0.680782,0.0,7.2
773,813,24,58,0.026736,0.5416078903159625,0.6,-0.2,0.0,0.0,0.25,0.2222222222222222,0.03752,0.002001,0.678022,0.0,7.4
774,814,24,59,0.007986,0.2657226905914571,0.75,0.25,0.0,0.0,0.0625,0.1111111111111111,0.134093,0.004128,0.647797,0.0,7.0
794,851,25,17,0.0,0.0,0.0,0.0,0.0,0.0,0.3,0.0714285714285714,0.0,0.0,0.0,0.0,8.0
795,852,25,18,0.181489,0.4583171269836061,1.0,0.5,0.043203,0.020171,0.3,0.1428571428571428,0.135242,0.0,0.675398,0.001635,7.4
796,853,25,19,0.101265,0.5590222506937166,0.2,0.0,0.012652,0.053921,0.45,0.1428571428571428,0.216776,0.107992,0.375095,0.005262,6.5
797,854,25,20,0.143134,0.3754023807342787,0.5,0.25,0.011293,0.005193,0.0,0.0714285714285714,0.315246,0.003503,0.464927,0.003197,7.75
798,855,25,21,0.155299,0.3681353695830541,0.5,-0.25,0.000158,0.006293,0.15,0.5,0.616715,0.0,0.400167,0.0,7.0
799,856,25,22,0.044557,0.069091233157442,0.6,-0.2,0.016574,0.0,0.15,0.0714285714285714,0.710245,0.0,0.222342,0.0,6.6
800,857,25,23,0.03861,0.3285758069311116,0.4,-0.4,0.009476,0.04773,0.2,0.0,0.111844,0.0,0.692889,0.009288,6.4
801,858,25,24,0.091096,0.4437562036530894,0.2,0.6,0.0,0.0,0.4,0.0,0.11384,0.0,0.688854,0.000901,6.5
802,859,25,25,0.080748,0.2539844239430959,0.0,-0.25,0.0,0.0,0.1,0.0714285714285714,0.055647,0.0,0.591902,0.007428,7.2
803,860,25,26,0.105316,0.4294242495571515,0.6,0.2,0.021764,0.0,0.3,0.2142857142857142,0.068736,0.008004,0.705786,0.000667,6.5
804,861,25,27,0.121784,1.0,0.0,0.0,0.022995,0.0,0.15,0.0,0.320784,0.0,0.540027,0.0,6.25
805,862,25,28,0.073727,0.6687044879557917,0.0,-0.25,0.0,0.000853,0.2,1.0,0.051556,0.0,0.679978,0.0,7.5
806,863,25,29,0.156112,0.3470030439160042,0.0,-0.75,0.004122,0.023335,0.3,0.0,0.235249,0.0,0.52833,0.0,6.8
807,864,25,30,0.027632,0.3435739668738911,0.0,0.0,0.0,0.010286,0.15,0.0,0.040539,0.0,0.659897,0.008707,7.4
808,865,25,31,0.090625,0.5334295769221973,0.8,-0.4,0.0,0.034882,0.3,0.7142857142857143,0.314822,0.0,0.373893,0.005497,8.25
809,866,25,32,0.127702,0.6535760898538542,1.0,0.25,0.007901,0.001572,0.45,0.0,0.02417,0.0,0.497402,0.0,6.5
810,867,25,33,0.075938,0.490781888514629,0.0,-0.5,0.007266,0.0,0.2,0.2857142857142857,0.205357,0.0,0.562346,0.001058,6.0
811,868,25,34,0.085764,0.5631861218344814,0.0,-1.2,0.0,0.012689,0.35,0.0,0.067141,0.0,0.754301,0.00417,6.25
812,869,25,35,0.055208,0.4358470437683149,-0.25,-0.25,0.000263,0.148441,0.1,0.0,0.011267,0.154763,0.491699,0.011641,7.0
813,870,25,36,0.171036,0.4227677088691884,1.0,0.5,0.0,0.0,0.3,0.0,0.343405,0.0,0.522301,0.0,7.4
824,884,26,1,0.0,0.0,0.0,0.0,0.0,0.0,0.0,0.2857142857142857,0.0,0.0,0.0,0.0,7.5
825,885,26,2,0.0,0.0,1.0,0.5,0.0,0.0,0.0,0.4285714285714285,0.0,0.0,0.0,0.0,7.0
826,886,26,3,0.0,0.0,0.0,-0.25,0.0,0.0,0.2222222222222222,0.2857142857142857,0.0,0.0,0.0,0.0,6.6
827,887,26,4,0.0,0.0,0.2,-0.2,0.0,0.0,0.0,0.0,0.0,0.0,0.0,0.0,6.4
828,888,26,5,0.0,0.0,0.0,0.6,0.0,0.0,0.2222222222222222,0.0,0.0,0.0,0.0,0.0,6.2
829,889,26,6,0.0,0.0,0.2,-0.2,0.0,0.0,0.0,0.0,0.0,0.0,0.0,0.0,8.0
830,890,26,7,0.0,0.0,1.0,0.2,0.0,0.0,0.4444444444444444,0.0,0.0,0.0,0.0,0.0,8.2
831,891,26,8,0.0,0.0,1.0,-0.2,0.0,0.0,0.1111111111111111,0.0,0.0,0.0,0.0,0.0,7.2
832,892,26,9,0.0,0.0,0.4,0.0,0.0,0.0,0.0,0.0,0.0,0.0,0.0,0.0,7.0
833,893,26,10,0.0,0.0,0.4,0.6,0.0,0.0,0.0,0.0,0.0,0.0,0.0,0.0,6.6
834,894,26,11,0.0,0.0,-0.2,0.4,0.0,0.0,0.4444444444444444,0.2857142857142857,0.0,0.0,0.0,0.0,6.4
835,895,26,12,0.0,0.0,0.0,0.0,0.0,0.0,0.0,0.2857142857142857,0.0,0.0,0.0,0.0,6.8
836,896,26,13,0.0,0.0,0.6,-0.2,0.0,0.0,0.0,0.0,0.0,0.0,0.0,0.0,6.75
837,897,26,14,0.0,0.0,0.25,0.75,0.0,0.0,0.1111111111111111,0.0,0.0,0.0,0.0,0.0,8.0
838,898,26,15,0.0,0.0,1.0,1.0,0.0,0.0,0.4444444444444444,0.2857142857142857,0.0,0.0,0.0,0.0,6.75
839,899,26,16,0.0,0.0,0.0,0.0,0.0,0.0,0.0,0.0,0.0,0.0,0.0,0.0,6.75
840,900,26,17,0.0,0.0,0.0,0.25,0.0,0.0,0.0,0.4285714285714285,0.0,0.0,0.0,0.0,6.4
841,901,26,18,0.0,0.0,0.0,0.0,0.0,0.0,0.0,0.0,0.0,0.0,0.0,0.0,6.4
842,902,26,19,0.0,0.0,0.0,0.0,0.0,0.0,0.0,0.0,0.0,0.0,0.0,0.0,6.6
843,903,26,20,0.0,0.0,0.2,-0.2,0.0,0.0,0.0,0.0,0.0,0.0,0.0,0.0,6.6
844,904,26,21,0.0,0.0,0.2,0.8,0.0,0.0,1.0,0.1428571428571428,0.0,0.0,0.0,0.0,7.75
845,905,26,22,0.0,0.0,1.0,1.0,0.0,0.0,0.0,0.0,0.0,0.0,0.0,0.0,7.0
846,906,26,23,0.068216,0.4695095732617137,0.0,-0.2,0.0,0.0,0.0,0.0,0.773792,0.030817,0.119484,0.000492,7.4
847,907,26,24,0.065024,0.4676260475423523,0.4,0.4,0.0,0.0,0.2222222222222222,0.0,0.591515,0.028456,0.177107,0.008226,6.8
848,908,26,25,0.100203,0.6584172549875589,0.4,0.2,0.015419,0.0,0.0,0.5714285714285714,0.626307,0.0,0.070975,0.0,6.8
849,909,26,26,0.085895,0.2692803529074686,0.2,0.2,0.0,0.0,0.1111111111111111,0.1428571428571428,0.690981,0.0,0.126906,0.0,6.0
850,910,26,27,0.081516,0.4658829217127981,-0.2,0.0,0.0,0.0,0.0,0.0,0.431862,0.0,0.376037,0.0,7.2
851,911,26,28,0.076884,0.79877240626814,0.8,0.6,0.0,0.0,0.0,1.0,0.592899,0.0,0.304163,0.0,8.0
852,912,26,29,0.215784,0.2435258050701262,1.0,1.0,0.0,0.0,0.0,0.0,0.518343,0.0,0.331795,0.0,8.0
853,913,26,30,0.032867,0.5443309929386047,1.0,0.6,0.0,0.0,0.0,0.0,0.804687,0.009016,0.12226,0.0,6.4
854,914,26,31,0.093981,0.5891783122225269,0.0,-0.2,0.0,0.0,0.0,0.0,0.589263,0.024691,0.273691,0.0,7.25
855,915,26,32,0.107226,0.5790178396645569,1.0,0.5,0.0,0.0,0.0,0.0,0.308553,0.0,0.347219,0.00082,6.2
856,916,26,33,0.096091,0.501755646645219,0.2,0.2,0.0,0.0,0.1111111111111111,0.1428571428571428,0.534013,0.00169,0.221325,0.00186,5.8
857,917,26,34,0.076872,0.5690888472336206,-0.4,0.0,0.0,0.0,0.2222222222222222,0.0,0.329304,0.008917,0.493973,0.004998,6.6
858,918,26,35,0.110313,0.7440887785090954,0.4,0.2,0.0,0.0,0.1111111111111111,0.0,0.391691,0.004552,0.438683,0.010651,8.0
859,919,26,36,0.284123,0.4583819528096009,1.0,1.0,0.0,0.0,0.3333333333333333,0.0,0.285132,0.009299,0.546486,0.0,7.8
860,920,26,37,0.078777,0.1793662204935655,0.8,0.8,0.0,0.0,0.4444444444444444,0.2857142857142857,0.372036,0.032998,0.227407,0.01071,8.0
861,921,26,38,0.160014,0.4320793187614706,1.0,1.0,0.0,0.0,0.4444444444444444,0.0,0.375029,0.042706,0.451104,0.0,6.6
862,922,26,39,0.09746,0.3454618719955691,0.4,0.6,0.0,0.0,0.0,0.0,0.503326,0.0,0.239485,0.013108,6.2
863,923,26,40,0.084028,0.5768892438949451,0.2,-0.2,0.0,0.0,0.0,0.0,0.29691,0.004973,0.55009,0.0,6.8
864,924,26,41,0.116824,0.4226956641710749,0.4,0.0,0.0,0.0,0.5555555555555556,0.0,0.319302,0.0,0.205002,0.0,7.2
865,925,26,42,0.143029,0.3622357941680532,0.8,0.2,0.0,0.0,0.0,0.0,0.459946,0.064666,0.354321,0.002545,7.8
866,926,26,43,0.046457,0.2984928282875549,0.8,0.0,0.0,0.0,0.3333333333333333,0.0,0.892801,0.012933,0.278565,0.0,7.4
867,927,26,44,0.017518,0.3375879540824977,0.4,-0.2,0.0,0.0,0.0,0.0,0.788402,0.017539,0.086493,0.0,6.5
868,929,26,46,0.050141,0.5238381171427762,0.0,0.0,0.0,0.0,0.1111111111111111,0.1428571428571428,0.765954,0.020021,0.069299,0.0,6.8
892,963,27,12,0.153125,0.0318358515985413,0.0,0.0,0.0,0.0,0.3333333333333333,0.8,0.439241,0.0,0.31176,0.0,7.4
893,964,27,13,0.078819,0.3555950797814339,0.6,-0.4,0.0,0.101884,0.0555555555555555,0.2,0.331669,0.0,0.281767,0.0,7.0
894,965,27,14,0.139243,0.2903646503663696,0.2,1.0,0.0,0.158005,0.1666666666666666,1.0,0.310347,0.0,0.274299,0.0,7.4
895,966,27,15,0.051389,0.6405425906208744,0.6,-0.2,0.0,0.03571,0.0555555555555555,0.2,0.394595,0.0,0.39487,0.0,7.0
896,967,27,16,0.080903,0.4417729052350129,0.2,-1.0,0.012031,0.03359,0.1666666666666666,0.4,0.247314,0.0,0.511027,0.006273,7.6
897,968,27,17,0.084375,0.4643964107374561,0.8,1.0,0.0,0.028399,0.0,0.0,0.153907,0.0,0.625575,0.0,7.6
898,969,27,18,0.071181,0.3259777585962998,0.8,-0.6,0.0,0.085406,0.0,0.0,0.25236,0.0,0.398157,0.0,7.0
899,970,27,19,0.112153,0.5507920317357432,0.8,0.4,0.0,0.019046,0.0,0.0,0.182105,0.0,0.558581,0.0,7.4
900,971,27,20,0.125,0.4258593854917553,0.4,-0.2,0.0,0.056143,0.0,0.8,0.196728,0.0,0.492971,0.0,5.8
901,972,27,21,0.085764,0.298620090107454,-0.6,0.4,0.0,0.041844,0.0555555555555555,0.0,0.432328,0.0,0.259576,0.0,7.0
902,973,27,22,0.077131,0.4051775429637161,0.5,0.25,0.0,0.039983,0.1666666666666666,0.2,0.337231,0.0,0.433434,0.0,8.75
903,974,27,23,0.137177,0.2453621966296311,1.5,0.5,0.0,0.01332,0.1111111111111111,0.2,0.338068,0.0,0.333152,0.0,7.6
904,975,27,24,0.080903,0.1275480380564559,0.8,-0.8,0.0,0.059663,0.0,0.0,0.033501,0.0,0.424361,0.025031,7.2
905,976,27,25,0.090269,0.4769972023297992,0.6,-0.6,0.0,0.032319,0.0,0.0,0.248539,0.0,0.480653,0.0,7.8
906,977,27,26,0.118181,0.7275632035008637,1.0,-1.4,0.0,0.016908,0.0,0.0,0.127026,0.0,0.39497,0.0,7.6
907,978,27,27,0.101053,0.604765537747465,0.8,0.2,0.0,0.020191,0.1111111111111111,0.0,0.170499,0.0,0.238633,0.0,8.6
908,979,27,28,0.115972,0.2860220182356195,1.4,0.0,0.0,0.013792,0.3333333333333333,0.0,0.212298,0.0,0.382652,0.0,7.5
909,980,27,29,0.054989,0.4177188266361722,0.5,-0.25,0.0,0.071796,0.0,0.0,0.397169,0.0,0.793277,0.0,7.2
910,981,27,30,0.180903,0.5746148251937301,0.6,-0.4,0.0,0.039711,0.1666666666666666,0.0,0.212769,0.0,0.473826,0.0,6.8
911,982,27,31,0.078125,0.3872022572795986,0.2,0.0,0.0,0.029387,0.0555555555555555,0.2,0.237266,0.0,0.460458,0.027246,7.8
912,983,27,32,0.097,0.5057240870203649,0.8,-1.0,0.0,0.091446,0.3333333333333333,1.0,0.161303,0.0,0.314377,0.0,8.0
913,984,27,33,0.071381,0.3185543358620447,0.8,0.0,0.0,0.091912,0.0555555555555555,0.0,0.27709,0.0,0.419522,0.0,7.6
914,985,27,34,0.087243,0.4311831838844574,0.6,0.6,0.0,0.030301,0.3333333333333333,0.0,0.162028,0.0,0.443668,0.0,7.6
915,986,27,35,0.139971,0.3997453906883672,0.6,1.2,0.0,0.044923,0.2222222222222222,0.0,0.15884,0.0,0.42202,0.008371,9.333333
916,987,27,36,0.361806,0.5452445633108228,1.666667,0.666667,0.0,0.0,1.0,0.0,0.096023,0.0,0.321647,0.012045,8.0
917,988,27,37,0.125192,0.7961373660982201,0.8,0.4,0.0,0.005791,0.2777777777777778,0.0,0.330241,0.0,0.506183,0.0,7.8
918,989,27,38,0.131597,0.5386365125675169,0.8,0.2,0.0,0.023732,0.2222222222222222,0.0,0.357762,0.0,0.254417,0.0,7.2
919,990,27,39,0.0875,0.4119804342666921,0.4,-1.2,0.0,0.046752,0.1666666666666666,0.0,0.461673,0.0,0.248412,0.0,6.6
934,1011,28,7,0.0,0.0,0.0,0.0,0.0,0.0,0.2,0.0,0.0,0.0,0.0,0.0,6.5
935,1012,28,10,0.024151,0.0739573647260777,0.0,0.0,0.0,0.0,0.0,0.0,0.369521,0.096769,0.049836,0.0,7.5
936,1013,28,11,0.12661,0.3400351915006716,0.0,0.0,0.0,0.05311,0.2,0.0,0.245944,0.001319,0.352094,0.0,6.8
937,1014,28,12,0.043216,0.4700284258693517,0.4,-0.2,0.0,0.005347,0.2,0.0,0.304667,0.074379,0.229156,0.00379,8.0
938,1015,28,13,0.151113,0.3624013557749955,1.25,0.0,0.0,0.0,0.0,0.0,0.255394,0.109504,0.313811,0.009567,5.75
939,1016,28,14,0.124906,0.5440869738463672,0.0,-0.5,0.0,0.014112,0.3,0.0,0.199182,0.036021,0.412465,0.004181,7.6
940,1017,28,15,0.02786,0.3135714812343649,0.8,-0.8,0.0,0.038438,0.0,0.0,0.270426,0.052252,0.185807,0.000637,7.2
941,1018,28,16,0.012253,0.2349461247718363,0.6,-0.6,0.0,0.0,0.0,0.0,0.470466,0.056235,0.173535,0.0,8.0
942,1019,28,17,0.111667,0.4533053136569397,1.25,0.2,0.0,0.014881,0.0,0.0,0.316999,0.094374,0.238067,0.008735,7.8
943,1020,28,18,0.09885,0.291267988378962,1.0,-0.2,0.0,0.010104,0.0,0.0,0.268247,0.0,0.434582,0.007338,7.0
944,1021,28,19,0.243847,0.484435117692824,1.0,-1.0,0.0,0.000328,0.0,0.125,0.136109,0.018834,0.175301,0.0,7.0
945,1022,28,20,0.223848,0.3232033833687555,0.5,-1.0,0.0,0.013222,0.0,0.0,0.181014,0.110298,0.317958,0.0,7.4
946,1023,28,21,0.333231,1.0,0.0,-0.6,0.0,0.0,1.0,1.0,0.063377,0.005403,0.213183,0.0004,7.8
947,1024,28,22,0.037193,0.454054283230703,1.25,-0.75,0.0,0.085876,0.0,0.0,0.287982,0.041016,0.26991,0.003681,7.2
948,1025,28,23,0.042425,0.3858587491459172,0.75,-0.6,0.0,0.038791,0.2,0.0,0.256014,0.026466,0.387717,0.01095,6.8
949,1026,28,24,0.10612,0.4302621430055136,0.5,-1.0,0.0,0.008649,0.0,0.125,0.176291,0.00351,0.468064,0.006089,6.8
950,1027,28,25,0.117259,0.3894153462683176,0.4,-0.2,0.0,0.095789,0.0,0.0,0.320481,0.0,0.314988,0.00445,6.2
951,1028,28,26,0.035892,0.4019746431136247,-0.4,0.6,0.0,0.000399,0.0,0.0,0.352394,0.143162,0.316059,0.007794,7.8
952,1029,28,27,0.107937,0.3752713986413795,0.75,-0.5,0.0,0.016735,0.2,0.0,0.347551,0.072676,0.222566,0.0,5.8
953,1030,28,28,0.034751,0.4151205181252701,0.0,-0.2,0.0,0.092841,0.0,0.0,0.151722,0.02227,0.229576,0.00678,6.75
954,1031,28,29,0.020545,0.2465412745715475,0.333333,-0.5,0.0,0.0,0.1,0.0,0.323945,0.045555,0.130957,0.003558,7.8
955,1032,28,30,0.031284,0.2186715560919838,1.0,-0.4,0.0,0.038225,0.0,0.0,0.35898,0.050442,0.03112,0.0,8.0
956,1033,28,31,0.075657,0.1910440210085943,1.0,-0.25,0.0,0.013958,0.0,0.0,0.282025,0.011878,0.241218,0.008074,7.25
957,1034,28,32,0.157253,0.6212964369783659,1.0,-0.75,0.0,0.003011,0.0,0.0,0.144297,0.100604,0.175983,0.002848,7.0
971,1057,29,11,0.0,0.0,0.0,0.0,0.0,0.0,0.5,0.2727272727272727,0.0,0.0,0.0,0.0,8.5
972,1058,29,12,0.153581,0.1702555460743951,1.5,0.25,0.137509,0.0,0.0,0.1818181818181818,0.800219,0.002575,0.338123,0.0,7.25
973,1059,29,13,0.188691,0.2458695800357163,0.25,-1.0,0.329902,0.0,0.0,0.0,0.378741,0.0,0.474578,0.0,8.0
974,1060,29,14,0.015126,0.2476011947822372,0.75,-1.25,0.031843,0.0,0.25,0.0,0.500182,0.043374,0.208392,0.0,8.2
975,1061,29,15,0.149882,0.4247947468124872,0.8,0.8,0.125654,0.0,0.0,0.1818181818181818,0.40598,0.0,0.361087,0.0,7.75
976,1062,29,16,0.114635,0.5949244662676781,0.8,0.0,0.036333,0.0,0.0,0.5454545454545454,0.74735,0.0,0.224715,0.0,7.2
977,1063,29,17,0.195409,0.6985331892962271,0.2,-0.6,0.071209,0.0,0.0,0.0,0.654662,0.004212,0.222492,0.0,7.8
978,1064,29,18,0.137567,0.9283028209410988,1.0,-0.8,0.096338,0.0,0.0,0.3636363636363636,0.460593,0.046849,0.304961,0.0,7.6
979,1065,29,19,0.068404,0.3506030662733128,0.4,0.4,0.106692,0.0,0.0,0.0,0.56865,0.0,0.561101,0.0,8.6
980,1066,29,20,0.167644,0.4562790665068459,1.4,0.4,0.091801,0.0,0.25,0.2727272727272727,0.476019,0.00673,0.270686,0.0,7.2
981,1067,29,21,0.018978,0.4298536534850435,0.6,0.2,0.143471,0.0,0.0,0.0,0.460717,0.014554,0.364369,0.0,8.25
982,1068,29,22,0.11547,0.1663745793632367,0.75,1.0,0.109551,0.0,0.0,0.0909090909090909,0.056264,0.036308,0.689335,0.0,8.2
983,1069,29,23,0.074994,0.6975094742122092,0.6,0.0,0.050049,0.0,0.0,0.0,0.344959,0.0,0.218901,0.0,8.0
984,1070,29,24,0.141158,0.4895011178970105,1.0,-0.8,0.099089,0.0,0.0,0.0,0.67587,0.011663,0.259231,0.0,8.25
985,1071,29,25,0.197383,0.574576743732466,1.0,-0.5,0.088871,0.0,0.0,0.0909090909090909,0.423976,0.004688,0.470375,0.0,7.8
986,1072,29,26,0.03189,0.7434586821155197,1.0,0.0,0.053133,0.0,0.25,0.4545454545454545,0.43395,0.181583,0.26131,0.0,7.6
987,1073,29,27,0.104664,0.3947700414656817,0.8,0.8,0.13057,0.0,0.5,0.3636363636363636,0.419756,0.003527,1.399607,0.0,8.0
988,1074,29,28,0.154781,0.5620533691474633,0.25,-0.25,0.154885,0.0,0.25,0.0909090909090909,0.514587,0.054179,0.315989,0.0,7.0
989,1075,29,29,0.070833,0.4684819454295724,0.2,-0.6,4.434168,0.0,0.25,0.2727272727272727,0.57216,0.0,0.286538,0.0,7.5
990,1076,29,30,0.008417,0.1925292405162993,0.75,-0.5,0.068729,0.0,0.0,0.0,0.521323,0.0,0.328989,0.0,7.2
991,1077,29,31,0.110764,0.2338665509573323,0.4,0.0,0.087538,0.0,0.0,0.0,0.547677,0.0,0.329487,0.0,6.4
992,1078,29,32,0.166466,0.8081244216050232,0.0,-0.2,0.134584,0.0,0.75,1.0,0.302907,0.012117,0.375218,0.0,7.6
993,1079,29,33,0.094811,0.7504026174040896,0.6,0.6,0.133095,0.0,1.0,0.0909090909090909,0.339575,0.033083,0.277256,0.0,7.8
994,1080,29,34,0.186613,0.599206256057622,1.0,0.2,0.110731,0.0,0.0,0.2727272727272727,0.330196,0.113428,0.387366,0.0,7.5
995,1081,29,35,0.165108,0.244651383088298,0.75,0.0,0.168581,0.0,0.0,0.0909090909090909,0.033013,0.0,0.604167,0.0,6.0
996,1082,29,36,0.269335,0.6540570774827135,0.0,0.0,0.098696,0.0,0.5,0.3636363636363636,0.497103,0.0,0.328636,0.0,6.5
997,1083,29,37,0.044896,0.4417908357632752,0.0,-0.75,0.073052,0.0,0.0,0.0,0.700149,0.044912,0.125869,0.0,7.0
998,1084,29,38,0.078792,0.467847007579238,0.4,-0.4,0.091193,0.0,0.0,0.0,0.33682,0.203875,0.248697,0.0,7.6
1013,1102,30,0,0.212259,0.4834935150555611,1.2,-0.4,0.0,0.0,0.2,0.4,0.171534,0.435806,0.316397,0.0,7.6
1014,1103,30,1,0.220791,0.7147151456102864,1.0,-0.8,0.0,0.0,0.0,0.0,0.131084,0.141245,0.59189,0.0,7.8
1015,1104,30,2,0.121259,0.788818497925301,1.0,-0.6,0.0,0.0,0.0,0.0,0.198051,0.354016,0.30777,0.02289,7.8
1016,1105,30,3,0.144074,0.7740305010893247,1.0,-0.2,0.008738,0.0,0.0,0.0,0.226005,0.188171,0.387166,0.000958,8.0
1017,1106,30,4,0.134147,0.780267957913073,1.0,-0.2,0.0,0.0,0.1333333333333333,0.0,0.133256,0.192848,0.577999,0.0,6.8
1018,1107,30,5,0.200921,1.0,0.6,0.2,0.012764,0.0,1.0,0.0,0.156488,0.136263,0.380639,0.0003,7.75
1019,1108,30,6,0.160133,0.8777383874059067,1.0,-0.75,0.002032,0.0,0.1333333333333333,0.0,0.217732,0.203758,0.483196,0.0,7.8
1020,1109,30,7,0.248407,0.8695942004873974,1.0,0.0,0.003877,0.0,0.1333333333333333,0.0,0.116309,0.12029,0.434437,0.0,8.4
1021,1110,30,8,0.132524,0.8598897020872469,1.0,-1.4,0.012884,0.0,0.1333333333333333,0.0,0.098699,0.283364,0.539861,0.0,7.6
1022,1111,30,9,0.11265,0.5757311515348345,1.0,-1.2,0.003782,0.0,0.4,0.0,0.186652,0.288426,0.398745,8.6e-05,7.6
1023,1112,30,10,0.23452,0.6383066322708266,1.0,-0.8,0.0,0.0,0.0,0.0,0.077762,0.106932,0.727583,0.0,7.8
1024,1113,30,11,0.15715,0.6338684370928872,1.2,-1.2,0.0,0.0,0.4,0.4,0.091167,0.405074,0.355086,0.0,7.6
1025,1114,30,12,0.163744,0.4464951548366382,0.6,-0.6,0.0,0.0,0.0,0.0,0.07807,0.297231,0.432776,0.0,8.0
1026,1115,30,13,0.125173,0.7115132816903661,1.0,0.2,0.007264,0.0,0.0666666666666666,0.0,0.203642,0.381426,0.256323,0.0,7.8
1027,1116,30,14,0.14254,0.7695231698300753,1.0,-1.2,0.0,0.0,0.2,0.0,0.093076,0.311401,0.318527,0.0,8.0
1028,1117,30,15,0.067549,0.4607335072316147,1.0,-0.8,0.001076,0.05114,0.1333333333333333,0.0,0.133757,0.432549,0.204219,0.0,8.0
1029,1118,30,16,0.091038,0.5077722543176252,1.0,-1.2,0.0,0.187418,0.0,0.0,0.105379,0.358716,0.185385,0.009449,7.6
1030,1119,30,17,0.121952,0.8026317000722116,1.0,0.0,0.0,0.048044,0.0,0.0,0.060155,0.169046,0.559649,0.004591,7.8
1031,1120,30,18,0.159023,0.7926493284568988,1.0,-0.6,0.0,0.091391,0.0,0.0,0.08477,0.196202,0.441704,0.0,7.75
1032,1121,30,19,0.160936,0.8972825563637842,1.0,-0.5,0.00022,0.13958,0.2,1.0,0.08393,0.229171,0.323128,0.0,8.2
1033,1122,30,20,0.133553,0.5610524930710097,1.0,-1.0,0.0,0.092348,0.0,0.4,0.124068,0.345795,0.323224,0.0,7.666667
1034,1123,30,21,0.14676,0.9537299188450084,0.666667,-0.666667,0.0,0.132563,0.2666666666666666,0.0,0.095285,0.153856,0.515411,0.000414,7.8
1035,1124,30,22,0.061334,0.579621424376514,1.2,-1.0,0.0,0.231969,0.0,0.0,0.151754,0.245008,0.27399,0.0,7.2
1036,1125,30,23,0.078883,0.4976970779036252,1.0,-1.6,0.004675,0.191172,0.0666666666666666,0.0,0.152946,0.363127,0.186107,0.0,7.75
1037,1126,30,24,0.17082,0.5978348827453687,1.0,-0.25,0.0,0.055653,0.0,0.0,0.132193,0.213644,0.484848,0.0,7.6
1038,1127,30,25,0.122327,0.7613054180337046,1.0,-1.4,0.007027,0.013766,0.2666666666666666,0.0,0.108415,0.201561,0.477013,0.0,8.4
1039,1128,30,26,0.191854,0.6601467604556096,1.4,-0.4,0.0,0.093911,0.1333333333333333,0.0,0.083664,0.250883,0.455253,0.0,7.6
1040,1129,30,27,0.161253,0.9618922141153344,1.0,-0.8,0.0,0.083301,0.0,0.0,0.091983,0.40806,0.280696,0.0,7.4
1041,1130,30,28,0.04122,0.8691198921377951,1.0,-1.2,0.0,0.030608,0.0,0.0,0.17602,0.358097,0.265206,0.0,7.8
1042,1131,30,29,0.099853,0.5558348064741927,1.0,-1.2,0.0,0.114172,0.0666666666666666,0.0,0.192935,0.369535,0.160188,0.000266,7.75
1058,1156,31,11,0.163271,0.1779784026890727,0.0,0.0,0.0,0.0,0.125,0.75,0.019606,0.0,0.621988,0.0,6.666667
1059,1157,31,12,0.234817,0.9501351881687644,0.666667,0.0,0.0,0.0,0.0625,0.0,0.021694,0.012477,0.081397,0.0,6.6
1060,1158,31,13,0.199502,0.9538272429087687,1.0,0.6,0.0,0.0,0.1875,0.0,0.005703,0.009462,0.066271,0.0,6.8
1061,1159,31,14,0.133804,0.1825849303803742,0.4,0.4,0.0,0.0,0.125,0.0,0.083523,0.069065,0.052295,0.0,7.4
1062,1160,31,15,0.243202,0.4118929990963677,0.6,0.8,0.057317,0.0,0.3125,0.0,0.0,0.036653,0.123312,0.0,6.6
1063,1161,31,16,0.167464,0.5454230347067545,0.2,0.0,0.0,0.0,0.0625,0.25,0.002228,0.01906,0.110171,0.0,6.6
1064,1162,31,17,0.14697,0.3950038478189084,0.2,0.2,0.0,0.0,0.0625,0.5,0.010875,0.007979,0.150619,0.0,7.0
1065,1163,31,18,0.143097,0.2305586757614724,0.6,0.6,0.007569,0.0,0.0625,0.0,0.095532,0.088847,0.289841,0.0,7.0
1066,1164,31,19,0.21966,0.2852648740228183,0.6,0.2,0.003077,0.0,0.0625,0.0,0.057429,0.059419,0.583882,0.0,7.2
1067,1165,31,20,0.201336,0.9540667374880448,0.6,0.4,0.005347,0.0,0.125,0.75,0.022784,0.011889,0.341457,0.0,7.8
1068,1166,31,21,0.272447,0.9808288026194638,1.2,0.6,0.013917,0.0,0.625,0.5,0.023372,0.011745,0.397929,0.0,7.0
1069,1167,31,22,0.22102,0.5850487012871233,0.8,0.6,0.00269,0.0,0.3125,0.0,0.002572,0.0,0.184394,0.0,6.8
1070,1168,31,23,0.374508,0.5903759238695145,1.0,-0.6,0.001729,0.0,0.3125,0.25,0.003642,0.05642,0.046407,0.0,6.2
1071,1169,31,24,0.12204,0.5100105625128822,0.0,-0.8,0.001584,0.0,0.0,0.5,0.070019,0.027252,0.23941,0.0,7.0
1072,1170,31,25,0.162705,0.1650419828131563,0.75,0.0,0.0,0.0,0.0625,0.0,0.0,0.012945,0.494085,0.0,6.75
1073,1171,31,26,0.156894,0.3323492513830851,0.5,0.0,0.017918,0.0,0.1875,0.0,0.009486,0.021098,0.467024,0.0,7.0
1074,1172,31,27,0.175791,0.2558260746056504,1.0,0.6,0.004755,0.0,0.0625,0.0,0.021497,0.07748,0.564899,0.0,6.8
1075,1173,31,28,0.083912,0.7562843096056755,0.8,0.2,0.0,0.0,0.25,0.0,0.021234,0.185686,0.313381,0.0,7.8
1076,1174,31,29,0.462656,0.1676137332851206,1.2,0.8,0.0,0.0,0.25,0.0,0.003416,0.010352,0.611627,0.0,8.0
1077,1175,31,30,0.402646,0.4050114149369632,1.6,1.2,0.015938,0.0,0.0,0.0,0.025718,0.020757,0.519689,0.0,6.4
1078,1176,31,31,0.122942,0.6396921374719263,0.4,0.2,0.029627,0.0,0.0625,0.5,0.020868,0.09049,0.293961,0.0,7.0
1079,1177,31,32,0.14306,0.6874450028135985,1.0,0.0,0.000841,0.0,0.0,1.0,0.034812,0.028995,0.243831,0.0,7.0
1080,1178,31,33,0.141319,0.4686876792198094,1.0,0.8,0.069954,0.0,0.0625,0.0,0.005645,0.008347,0.477436,0.0,6.5
1081,1179,31,34,0.141667,0.4065641361396572,0.75,0.25,0.000703,0.0,0.0625,0.0,0.003518,0.028025,0.562134,0.0,7.0
1082,1180,31,35,0.228013,0.5703435300427424,1.0,1.0,0.0,0.0,0.6875,0.0,0.008535,0.078461,0.405377,0.0,7.0
1083,1181,31,36,0.480647,0.6700424144455641,1.0,0.333333,0.000428,0.0,1.0,0.5,0.011181,0.006022,0.385982,0.0,7.4
1084,1182,31,37,0.088194,0.294148499521082,1.2,1.0,0.006358,0.0,0.125,0.0,0.06162,0.118428,0.369373,0.0,6.8
1085,1183,31,38,0.121528,0.3823042122672897,0.8,0.8,0.016083,0.0,0.0625,0.25,0.004745,0.080485,0.326735,0.0,7.0
1101,1211,32,10,0.0,0.0,0.0,0.0,0.0,0.0,0.4,0.125,0.0,0.0,0.0,0.0,8.0
1102,1212,32,11,0.0,0.3563311668894385,1.5,-1.0,0.011462,0.0,0.2666666666666666,0.0,0.00486,0.23363,0.595198,0.0,7.0
1103,1213,32,12,0.164931,0.8240141997551892,0.0,0.0,0.00864,0.0,0.3333333333333333,0.25,0.0,0.417767,0.332476,0.0,8.0
1104,1214,32,13,0.113519,0.6463197897131485,0.5,-0.25,0.011809,0.0,0.1333333333333333,0.125,0.0,1.000502,0.591357,0.0,8.0
1105,1215,32,14,0.07395,0.6871384114648766,0.5,-0.5,0.0,0.0,0.0666666666666666,0.5,0.01171,0.103404,0.631979,0.0,8.4
1106,1216,32,15,0.062357,0.495298304156494,1.4,1.4,0.0,0.0,0.3333333333333333,0.0,0.052661,0.22784,0.396224,0.0,7.6
1107,1217,32,16,0.064706,0.6425405621723781,0.0,-1.4,0.0,0.0,0.0666666666666666,0.5,0.038575,0.238462,0.546977,0.0,7.0
1108,1218,32,17,0.082432,0.7070826497864762,-0.5,-0.5,0.0,0.0,0.7333333333333333,1.0,0.0,0.22474,0.470606,0.004162,7.8
1109,1219,32,18,0.071625,0.5482791284119883,0.2,0.4,0.0,0.0,0.0666666666666666,0.0,0.011626,0.3208,0.639605,0.0,7.333333
1110,1220,32,19,0.081531,0.5411292598642323,0.0,0.333333,0.0,0.0,1.0,0.25,0.0,0.607444,0.513437,0.0,8.25
1111,1221,32,20,0.085381,0.6109501680728171,0.75,0.25,0.0,0.0,0.1333333333333333,0.0,0.072591,0.181347,0.695419,0.0,7.666667
1112,1222,32,21,0.133644,0.5411792505549178,0.333333,0.333333,0.0,0.0,0.4,0.125,0.0,0.129066,0.488035,0.0,8.6
1113,1223,32,22,0.092561,0.3157488539833697,0.8,0.2,0.0,0.0,0.3333333333333333,0.25,0.038399,0.210016,0.570192,0.0,8.0
1114,1224,32,23,0.114868,0.3999908676871529,0.6,-1.8,0.0,0.0,0.4,0.0,0.156263,0.216875,0.498852,0.0,7.5
1115,1225,32,24,0.092765,0.8562042216921066,0.5,0.5,0.0,0.0,0.2,0.0,0.0,0.095192,0.543045,0.0,8.0
1116,1226,32,25,0.120355,0.6587238117306284,0.5,0.0,0.0,0.0,0.5333333333333333,0.25,0.0,0.206392,0.388783,0.0,8.5
1117,1227,32,26,0.133531,0.5571461355060928,0.75,0.75,0.0,0.0,0.4666666666666667,0.0,0.085525,0.5139,0.473773,0.0,8.5
1118,1228,32,27,0.067206,0.5694761553620273,0.5,0.5,0.0,0.0,0.2666666666666666,0.0,0.0,0.241988,0.289333,0.0,7.0
1119,1231,32,30,0.055232,0.3367094414030809,0.0,0.0,0.0,0.0,0.0,0.0,0.0,0.087821,0.643124,0.0,7.0
1120,1233,32,32,0.125401,0.8836401295877567,0.0,0.0,0.0,0.0,0.2,0.0,0.088355,0.109903,0.387018,0.0,7.0
1121,1234,32,33,0.112518,0.7340787431546361,0.0,-0.2,0.0,0.0,0.2,0.125,0.018995,0.147371,0.341014,0.0,8.0
1122,1235,32,34,0.061997,0.6483343804726664,0.5,0.0,0.0,0.0,0.6,0.0,0.022735,0.083613,0.564159,0.0,8.0
1123,1237,32,36,0.184627,0.3057475405762118,0.0,0.0,0.0,0.0,0.0,0.0,0.0,0.339049,0.823234,0.0,7.0
1124,1238,32,37,0.048277,0.6745525328092651,0.0,-0.5,0.0,0.0,0.2666666666666666,0.0,0.07843,0.125752,0.20721,0.0,7.5
1138,1281,33,25,0.0,0.0,0.0,0.0,0.0,0.0,0.1290322580645161,0.25,0.0,0.0,0.0,0.0,7.0
1139,1282,33,26,0.095028,0.2173108934996972,0.333333,0.333333,0.0,0.0,0.1612903225806451,0.25,0.849787,0.060021,0.223985,0.0,7.2
1140,1283,33,27,0.072172,0.8286875574814757,1.4,-0.6,0.0,0.0,0.064516129032258,0.0,0.340486,0.048801,0.045352,0.0,7.4
1141,1284,33,28,0.036852,0.484756032688502,0.8,-0.8,0.0,0.0,0.0967741935483871,0.25,0.569517,0.061234,0.166231,0.0,7.666667
1142,1285,33,29,0.259306,0.4396025839548297,1.0,0.0,0.0,0.0,0.064516129032258,0.0,0.395903,0.043833,0.398845,0.0,7.4
1143,1286,33,30,0.030758,0.478886548407725,1.2,0.0,0.0,0.0,0.0,0.0,0.687392,0.140092,0.147812,0.0,7.2
1144,1287,33,31,0.039461,0.4454442046992156,0.6,0.0,0.0,0.0,0.0,0.0,0.902099,0.094947,0.137185,0.0,6.2
1145,1288,33,32,0.085497,0.9002350728634619,-0.2,-0.6,0.0,0.0,0.2258064516129032,0.0,0.376479,0.057704,0.064132,0.0,5.2
1146,1289,33,33,0.007715,0.2999250058803429,-0.6,-0.2,0.0,0.0,0.032258064516129,0.0,0.700329,0.176775,0.040475,0.0,7.0
1147,1290,33,34,0.134273,0.3825200006090186,1.0,-0.25,0.0,0.0,0.1612903225806451,0.75,0.423669,0.08908,0.289414,0.0,8.4
1148,1291,33,35,0.14645,0.4371617595084756,1.0,0.8,0.0,0.0,1.0,0.5,0.277293,0.054157,0.135779,0.0,7.6
1149,1292,33,36,0.339287,0.3201585160097229,1.0,0.4,0.0,0.0,0.5806451612903226,1.0,0.428705,0.031032,0.045473,0.0,6.2
1150,1293,33,37,0.054654,0.8525427502949161,0.4,-1.2,0.0,0.0,0.1290322580645161,0.0,0.426058,0.085655,0.08003,0.0,6.75
1151,1294,33,38,0.082821,1.0,0.75,-1.25,0.0,0.0,0.064516129032258,0.25,0.30821,0.04122,0.102902,0.0,6.2
1152,1295,33,39,0.079744,0.722994957950606,0.4,-0.4,0.0,0.0,0.0967741935483871,0.25,0.376356,0.052136,0.075208,0.0,6.4
1153,1296,33,40,0.013274,0.3561666303493657,0.25,-1.0,0.0,0.0,0.032258064516129,0.0,0.607561,0.110793,0.08283,0.0,7.0
1154,1299,33,43,0.301047,0.1094789140116151,0.0,0.0,0.0,0.0,0.0967741935483871,0.25,0.204639,0.000807,0.037594,0.0,8.333333
1155,1300,33,44,0.343312,0.3051543768314464,1.0,0.0,0.0,0.0,0.3548387096774194,0.25,0.288028,0.072347,0.044837,0.0,7.25
1156,1302,33,46,0.076939,0.787177721758365,0.0,0.0,0.0,0.0,0.2580645161290322,0.25,0.347809,0.040398,0.38323,0.0,5.0
1157,1303,33,47,0.00176,0.139265426919717,-0.5,-0.25,0.0,0.0,0.032258064516129,0.25,0.714787,0.177494,0.002235,0.0,6.6
1158,1304,33,48,0.077814,0.5552112465601239,0.4,-0.8,0.0,0.0,0.2258064516129032,0.0,0.476694,0.108843,0.149817,0.0,4.8
1159,1305,33,49,0.015452,0.5333766403847404,-0.2,0.2,0.0,0.0,0.0,0.5,0.62245,0.067225,0.056201,0.0,7.6
1160,1306,33,50,0.094968,0.7508076896580558,1.0,-0.4,0.0,0.0,0.1612903225806451,0.0,0.151983,0.035342,0.050801,0.0,6.0
1161,1307,33,51,0.011163,0.2345259611615206,0.4,0.0,0.0,0.0,0.0,0.0,0.778611,0.067019,0.094549,0.0,6.0
1162,1308,33,52,0.024017,0.6821664594623907,0.5,-0.75,0.0,0.0,0.032258064516129,0.0,0.260121,0.030591,0.06867,0.0,5.0
1163,1309,33,53,0.139964,0.8262873855629539,0.0,0.5,0.0,0.0,0.032258064516129,0.0,0.176227,0.065533,0.230878,0.0,6.833333
1164,1310,33,54,0.003986,0.1823511320320664,0.4,-0.333333,0.0,0.0,0.0,0.0,0.904943,0.263574,0.038774,0.0,6.0
1165,1311,33,55,0.122531,0.6980457933994091,0.5,0.0,0.0,0.0,0.2258064516129032,0.5,0.447079,0.046618,0.218686,0.0,7.0
